--------------------------------------------------------
--  已建立檔案 - 星期二-六月-07-2016   
--------------------------------------------------------
DROP TABLE "DETAIL";
DROP TABLE "HOLIDAY";
DROP TABLE "LEAVE_TYPE";
DROP TABLE "LEAVELIST";
DROP TABLE "SET_UPPERBOUND";
DROP TABLE "TASKLIST";
DROP TABLE "USERS";
DROP TABLE "WEEK";
--------------------------------------------------------
--  DDL for Table DETAIL
--------------------------------------------------------

  CREATE TABLE "DETAIL" 
   (	"TASK_ID" VARCHAR2(25 BYTE), 
	"TASK_ITEM" VARCHAR2(25 BYTE), 
	"MON" NUMBER, 
	"TUE" NUMBER DEFAULT 0, 
	"WED" NUMBER DEFAULT 0, 
	"THU" NUMBER DEFAULT 0, 
	"FRI" NUMBER DEFAULT 0, 
	"SAT" NUMBER DEFAULT 0, 
	"SUN" NUMBER DEFAULT 0, 
	"ITEM_TOTAL" NUMBER DEFAULT 0
   ) SEGMENT CREATION IMMEDIATE 
  PCTFREE 10 PCTUSED 40 INITRANS 1 MAXTRANS 255 NOCOMPRESS LOGGING
  STORAGE(INITIAL 65536 NEXT 1048576 MINEXTENTS 1 MAXEXTENTS 2147483645
  PCTINCREASE 0 FREELISTS 1 FREELIST GROUPS 1 BUFFER_POOL DEFAULT FLASH_CACHE DEFAULT CELL_FLASH_CACHE DEFAULT)
  TABLESPACE "SYSTEM" ;
--------------------------------------------------------
--  DDL for Table HOLIDAY
--------------------------------------------------------

  CREATE TABLE "HOLIDAY" 
   (	"HOLIDAY_DATE" VARCHAR2(25 BYTE), 
	"CAUSE" VARCHAR2(25 BYTE)
   ) SEGMENT CREATION IMMEDIATE 
  PCTFREE 10 PCTUSED 40 INITRANS 1 MAXTRANS 255 NOCOMPRESS LOGGING
  STORAGE(INITIAL 65536 NEXT 1048576 MINEXTENTS 1 MAXEXTENTS 2147483645
  PCTINCREASE 0 FREELISTS 1 FREELIST GROUPS 1 BUFFER_POOL DEFAULT FLASH_CACHE DEFAULT CELL_FLASH_CACHE DEFAULT)
  TABLESPACE "USERS" ;
--------------------------------------------------------
--  DDL for Table LEAVE_TYPE
--------------------------------------------------------

  CREATE TABLE "LEAVE_TYPE" 
   (	"TYPE" VARCHAR2(10 BYTE)
   ) SEGMENT CREATION IMMEDIATE 
  PCTFREE 10 PCTUSED 40 INITRANS 1 MAXTRANS 255 NOCOMPRESS LOGGING
  STORAGE(INITIAL 65536 NEXT 1048576 MINEXTENTS 1 MAXEXTENTS 2147483645
  PCTINCREASE 0 FREELISTS 1 FREELIST GROUPS 1 BUFFER_POOL DEFAULT FLASH_CACHE DEFAULT CELL_FLASH_CACHE DEFAULT)
  TABLESPACE "USERS" ;
--------------------------------------------------------
--  DDL for Table LEAVELIST
--------------------------------------------------------

  CREATE TABLE "LEAVELIST" 
   (	"LEAVE_ID" VARCHAR2(40 BYTE), 
	"USER_ID" NUMBER(9,0), 
	"LEAVE_START_DATE" VARCHAR2(20 BYTE), 
	"START_TIME" VARCHAR2(20 BYTE), 
	"LEAVE_END_DATE" VARCHAR2(20 BYTE), 
	"END_TIME" VARCHAR2(20 BYTE), 
	"TYPE" VARCHAR2(10 BYTE), 
	"REASON" VARCHAR2(40 BYTE), 
	"STATUS" NUMBER(1,0), 
	"BACK_REASON" VARCHAR2(100 BYTE), 
	"TIMES" NUMBER(1,0), 
	"YEAR" NUMBER(4,0), 
	"LICATION_DATE" DATE
   ) SEGMENT CREATION IMMEDIATE 
  PCTFREE 10 PCTUSED 40 INITRANS 1 MAXTRANS 255 NOCOMPRESS LOGGING
  STORAGE(INITIAL 65536 NEXT 1048576 MINEXTENTS 1 MAXEXTENTS 2147483645
  PCTINCREASE 0 FREELISTS 1 FREELIST GROUPS 1 BUFFER_POOL DEFAULT FLASH_CACHE DEFAULT CELL_FLASH_CACHE DEFAULT)
  TABLESPACE "USERS" ;
--------------------------------------------------------
--  DDL for Table SET_UPPERBOUND
--------------------------------------------------------

  CREATE TABLE "SET_UPPERBOUND" 
   (	"USER_ID" NUMBER(9,0), 
	"TYPE" VARCHAR2(10 BYTE), 
	"UPPERBOUND" NUMBER, 
	"USED_TIME" NUMBER DEFAULT 0, 
	"YEAR" NUMBER(4,0) DEFAULT 2016
   ) SEGMENT CREATION IMMEDIATE 
  PCTFREE 10 PCTUSED 40 INITRANS 1 MAXTRANS 255 NOCOMPRESS LOGGING
  STORAGE(INITIAL 65536 NEXT 1048576 MINEXTENTS 1 MAXEXTENTS 2147483645
  PCTINCREASE 0 FREELISTS 1 FREELIST GROUPS 1 BUFFER_POOL DEFAULT FLASH_CACHE DEFAULT CELL_FLASH_CACHE DEFAULT)
  TABLESPACE "USERS" ;
--------------------------------------------------------
--  DDL for Table TASKLIST
--------------------------------------------------------

  CREATE TABLE "TASKLIST" 
   (	"TASK_ID" VARCHAR2(25 BYTE), 
	"USER_ID" NUMBER(*,0), 
	"TASK_NAME" VARCHAR2(20 BYTE), 
	"START_DATE" VARCHAR2(20 BYTE), 
	"END_DATE" VARCHAR2(20 BYTE), 
	"STATUS" NUMBER DEFAULT 0, 
	"TOTAL" NUMBER DEFAULT 0, 
	"BACK_REASON" VARCHAR2(100 BYTE)
   ) SEGMENT CREATION IMMEDIATE 
  PCTFREE 10 PCTUSED 40 INITRANS 1 MAXTRANS 255 NOCOMPRESS LOGGING
  STORAGE(INITIAL 65536 NEXT 1048576 MINEXTENTS 1 MAXEXTENTS 2147483645
  PCTINCREASE 0 FREELISTS 1 FREELIST GROUPS 1 BUFFER_POOL DEFAULT FLASH_CACHE DEFAULT CELL_FLASH_CACHE DEFAULT)
  TABLESPACE "SYSTEM" ;
--------------------------------------------------------
--  DDL for Table USERS
--------------------------------------------------------

  CREATE TABLE "USERS" 
   (	"ID" NUMBER, 
	"NAME" VARCHAR2(20 BYTE), 
	"JOB" VARCHAR2(20 BYTE), 
	"ACCOUNT" VARCHAR2(20 BYTE), 
	"PASSWORD" VARCHAR2(20 BYTE) DEFAULT 0000, 
	"EMAIL" VARCHAR2(25 BYTE), 
	"SEX" NUMBER(1,0) DEFAULT 0
   ) SEGMENT CREATION IMMEDIATE 
  PCTFREE 10 PCTUSED 40 INITRANS 1 MAXTRANS 255 NOCOMPRESS LOGGING
  STORAGE(INITIAL 65536 NEXT 1048576 MINEXTENTS 1 MAXEXTENTS 2147483645
  PCTINCREASE 0 FREELISTS 1 FREELIST GROUPS 1 BUFFER_POOL DEFAULT FLASH_CACHE DEFAULT CELL_FLASH_CACHE DEFAULT)
  TABLESPACE "USERS" ;
--------------------------------------------------------
--  DDL for Table WEEK
--------------------------------------------------------

  CREATE TABLE "WEEK" 
   (	"WEEK_NAME" VARCHAR2(20 BYTE), 
	"START_DATE" VARCHAR2(20 BYTE), 
	"END_DATE" VARCHAR2(20 BYTE)
   ) SEGMENT CREATION IMMEDIATE 
  PCTFREE 10 PCTUSED 40 INITRANS 1 MAXTRANS 255 NOCOMPRESS LOGGING
  STORAGE(INITIAL 65536 NEXT 1048576 MINEXTENTS 1 MAXEXTENTS 2147483645
  PCTINCREASE 0 FREELISTS 1 FREELIST GROUPS 1 BUFFER_POOL DEFAULT FLASH_CACHE DEFAULT CELL_FLASH_CACHE DEFAULT)
  TABLESPACE "USERS" ;
REM INSERTING into ROOT.DETAIL
SET DEFINE OFF;
Insert into ROOT.DETAIL (TASK_ID,TASK_ITEM,MON,TUE,WED,THU,FRI,SAT,SUN,ITEM_TOTAL) values ('401170341_201603_02','專題研討2',2,0,0,0,3,10,10,5);
Insert into ROOT.DETAIL (TASK_ID,TASK_ITEM,MON,TUE,WED,THU,FRI,SAT,SUN,ITEM_TOTAL) values ('401170341_201603_02','專題討論1',1,4,1,0,4,10,10,10);
Insert into ROOT.DETAIL (TASK_ID,TASK_ITEM,MON,TUE,WED,THU,FRI,SAT,SUN,ITEM_TOTAL) values ('401170341_201603_02','資料庫建置',1,3,3,5,1,10,10,13);
Insert into ROOT.DETAIL (TASK_ID,TASK_ITEM,MON,TUE,WED,THU,FRI,SAT,SUN,ITEM_TOTAL) values ('401170341_201603_02','Html的版面設計',4,1,4,3,0,10,10,12);
Insert into ROOT.DETAIL (TASK_ID,TASK_ITEM,MON,TUE,WED,THU,FRI,SAT,SUN,ITEM_TOTAL) values ('401170341_201603_03','資料庫資料更新',4,2,0,1,3,10,10,10);
Insert into ROOT.DETAIL (TASK_ID,TASK_ITEM,MON,TUE,WED,THU,FRI,SAT,SUN,ITEM_TOTAL) values ('401170341_201603_04','專題討論',4,4,0,4,2,10,10,14);
Insert into ROOT.DETAIL (TASK_ID,TASK_ITEM,MON,TUE,WED,THU,FRI,SAT,SUN,ITEM_TOTAL) values ('401170341_201603_04','小組會議',1,4,2,2,3,10,10,12);
Insert into ROOT.DETAIL (TASK_ID,TASK_ITEM,MON,TUE,WED,THU,FRI,SAT,SUN,ITEM_TOTAL) values ('401170341_201603_04','JSP編寫與研究',3,0,6,2,3,10,10,14);
Insert into ROOT.DETAIL (TASK_ID,TASK_ITEM,MON,TUE,WED,THU,FRI,SAT,SUN,ITEM_TOTAL) values ('401170341_201603_05','JSP編寫與研究',6,3,3,3,10,10,10,15);
Insert into ROOT.DETAIL (TASK_ID,TASK_ITEM,MON,TUE,WED,THU,FRI,SAT,SUN,ITEM_TOTAL) values ('401170341_201603_05','資料庫建置規劃',2,2,2,3,10,10,10,9);
Insert into ROOT.DETAIL (TASK_ID,TASK_ITEM,MON,TUE,WED,THU,FRI,SAT,SUN,ITEM_TOTAL) values ('401170341_201603_03','系統整合',2,3,5,5,2,10,10,17);
Insert into ROOT.DETAIL (TASK_ID,TASK_ITEM,MON,TUE,WED,THU,FRI,SAT,SUN,ITEM_TOTAL) values ('401170341_201603_03','前端程式維護',2,3,3,2,3,10,10,13);
Insert into ROOT.DETAIL (TASK_ID,TASK_ITEM,MON,TUE,WED,THU,FRI,SAT,SUN,ITEM_TOTAL) values ('401170341_201603_05','Servlet／JDBC連結',0,3,3,2,10,10,10,8);
Insert into ROOT.DETAIL (TASK_ID,TASK_ITEM,MON,TUE,WED,THU,FRI,SAT,SUN,ITEM_TOTAL) values ('401170341_201604_01','Servlet／JDBC連結',6,10,10,10,10,10,10,6);
Insert into ROOT.DETAIL (TASK_ID,TASK_ITEM,MON,TUE,WED,THU,FRI,SAT,SUN,ITEM_TOTAL) values ('401170341_201604_01','資料庫建置規劃',2,10,10,10,10,10,10,2);
Insert into ROOT.DETAIL (TASK_ID,TASK_ITEM,MON,TUE,WED,THU,FRI,SAT,SUN,ITEM_TOTAL) values ('401170327_201604_01','專題討論',2,10,10,10,10,10,10,2);
Insert into ROOT.DETAIL (TASK_ID,TASK_ITEM,MON,TUE,WED,THU,FRI,SAT,SUN,ITEM_TOTAL) values ('401170327_201604_01','後端Servlet撰寫',6,10,10,10,10,10,10,6);
Insert into ROOT.DETAIL (TASK_ID,TASK_ITEM,MON,TUE,WED,THU,FRI,SAT,SUN,ITEM_TOTAL) values ('401170341_201604_04','小組會議',1,0,2,2,0,10,10,5);
Insert into ROOT.DETAIL (TASK_ID,TASK_ITEM,MON,TUE,WED,THU,FRI,SAT,SUN,ITEM_TOTAL) values ('401170341_201604_04','資料庫建置規劃',0,2,2,2,0,10,10,6);
Insert into ROOT.DETAIL (TASK_ID,TASK_ITEM,MON,TUE,WED,THU,FRI,SAT,SUN,ITEM_TOTAL) values ('401170341_201604_04','後端Servlet撰寫',0,2,2,1,0,10,10,5);
Insert into ROOT.DETAIL (TASK_ID,TASK_ITEM,MON,TUE,WED,THU,FRI,SAT,SUN,ITEM_TOTAL) values ('401170341_201604_05','後端Servlet撰寫',0,1,0,2,0,10,10,3);
Insert into ROOT.DETAIL (TASK_ID,TASK_ITEM,MON,TUE,WED,THU,FRI,SAT,SUN,ITEM_TOTAL) values ('401170341_201604_05','Html的版面設計',1,0,2,2,0,10,10,5);
Insert into ROOT.DETAIL (TASK_ID,TASK_ITEM,MON,TUE,WED,THU,FRI,SAT,SUN,ITEM_TOTAL) values ('401170341_201605_02','Html的版面設計',2,1,1,1,1,10,10,6);
Insert into ROOT.DETAIL (TASK_ID,TASK_ITEM,MON,TUE,WED,THU,FRI,SAT,SUN,ITEM_TOTAL) values ('401170341_201605_02','Servlet／JDBC連結',2,2,2,2,2,10,10,10);
Insert into ROOT.DETAIL (TASK_ID,TASK_ITEM,MON,TUE,WED,THU,FRI,SAT,SUN,ITEM_TOTAL) values ('401170341_201605_02','專題討論',2,1,1,1,1,10,10,6);
Insert into ROOT.DETAIL (TASK_ID,TASK_ITEM,MON,TUE,WED,THU,FRI,SAT,SUN,ITEM_TOTAL) values ('401170327_201604_02','系統整合',10,10,2,2,2,10,10,6);
Insert into ROOT.DETAIL (TASK_ID,TASK_ITEM,MON,TUE,WED,THU,FRI,SAT,SUN,ITEM_TOTAL) values ('401170327_201604_02','報告資料整理',10,10,2,2,1,10,10,5);
Insert into ROOT.DETAIL (TASK_ID,TASK_ITEM,MON,TUE,WED,THU,FRI,SAT,SUN,ITEM_TOTAL) values ('401170327_201604_02','前端程式維護',10,10,1,2,0,10,10,3);
Insert into ROOT.DETAIL (TASK_ID,TASK_ITEM,MON,TUE,WED,THU,FRI,SAT,SUN,ITEM_TOTAL) values ('401170327_201604_03','前端程式維護',2,1,0,1,0,10,10,4);
Insert into ROOT.DETAIL (TASK_ID,TASK_ITEM,MON,TUE,WED,THU,FRI,SAT,SUN,ITEM_TOTAL) values ('401170327_201604_03','Servlet／JDBC連結',0,3,2,0,1,10,10,6);
Insert into ROOT.DETAIL (TASK_ID,TASK_ITEM,MON,TUE,WED,THU,FRI,SAT,SUN,ITEM_TOTAL) values ('401170327_201604_04','Servlet／JDBC連結',1,0,2,2,0,10,10,5);
Insert into ROOT.DETAIL (TASK_ID,TASK_ITEM,MON,TUE,WED,THU,FRI,SAT,SUN,ITEM_TOTAL) values ('401170327_201604_04','前端程式維護',2,2,0,1,2,10,10,7);
Insert into ROOT.DETAIL (TASK_ID,TASK_ITEM,MON,TUE,WED,THU,FRI,SAT,SUN,ITEM_TOTAL) values ('401170327_201604_04','報告撰寫',0,0,2,0,0,10,10,2);
Insert into ROOT.DETAIL (TASK_ID,TASK_ITEM,MON,TUE,WED,THU,FRI,SAT,SUN,ITEM_TOTAL) values ('401170327_201604_05','小組會議',1,0,0,0,0,10,10,1);
Insert into ROOT.DETAIL (TASK_ID,TASK_ITEM,MON,TUE,WED,THU,FRI,SAT,SUN,ITEM_TOTAL) values ('401170327_201603_01','小組會議',2,1,1,3,10,10,10,7);
Insert into ROOT.DETAIL (TASK_ID,TASK_ITEM,MON,TUE,WED,THU,FRI,SAT,SUN,ITEM_TOTAL) values ('401170327_201603_01','後端Servlet撰寫',3,2,7,2,10,10,10,14);
Insert into ROOT.DETAIL (TASK_ID,TASK_ITEM,MON,TUE,WED,THU,FRI,SAT,SUN,ITEM_TOTAL) values ('401170327_201603_01','報告撰寫',3,5,0,3,10,10,10,11);
Insert into ROOT.DETAIL (TASK_ID,TASK_ITEM,MON,TUE,WED,THU,FRI,SAT,SUN,ITEM_TOTAL) values ('401170327_201603_02','報告撰寫',2,4,2,3,3,10,10,14);
Insert into ROOT.DETAIL (TASK_ID,TASK_ITEM,MON,TUE,WED,THU,FRI,SAT,SUN,ITEM_TOTAL) values ('401170327_201603_02','報告資料整理',6,4,2,2,2,10,10,16);
Insert into ROOT.DETAIL (TASK_ID,TASK_ITEM,MON,TUE,WED,THU,FRI,SAT,SUN,ITEM_TOTAL) values ('401170327_201603_02','系統整合',0,0,4,3,3,10,10,10);
Insert into ROOT.DETAIL (TASK_ID,TASK_ITEM,MON,TUE,WED,THU,FRI,SAT,SUN,ITEM_TOTAL) values ('401170327_201603_03','系統整合',8,8,8,8,8,10,10,40);
Insert into ROOT.DETAIL (TASK_ID,TASK_ITEM,MON,TUE,WED,THU,FRI,SAT,SUN,ITEM_TOTAL) values ('401170327_201603_04','系統整合',3,5,3,3,3,10,10,17);
Insert into ROOT.DETAIL (TASK_ID,TASK_ITEM,MON,TUE,WED,THU,FRI,SAT,SUN,ITEM_TOTAL) values ('401170327_201603_04','後端Servlet撰寫',2,2,3,2,3,10,10,12);
Insert into ROOT.DETAIL (TASK_ID,TASK_ITEM,MON,TUE,WED,THU,FRI,SAT,SUN,ITEM_TOTAL) values ('401170327_201603_04','小組會議',3,1,2,3,2,10,10,11);
Insert into ROOT.DETAIL (TASK_ID,TASK_ITEM,MON,TUE,WED,THU,FRI,SAT,SUN,ITEM_TOTAL) values ('401170327_201603_05','小組會議',3,5,6,5,10,10,10,19);
Insert into ROOT.DETAIL (TASK_ID,TASK_ITEM,MON,TUE,WED,THU,FRI,SAT,SUN,ITEM_TOTAL) values ('401170327_201603_05','成果驗收',5,3,2,3,10,10,10,13);
Insert into ROOT.DETAIL (TASK_ID,TASK_ITEM,MON,TUE,WED,THU,FRI,SAT,SUN,ITEM_TOTAL) values ('401170456_201603_03','報告資料整理',3,2,2,4,1,10,10,12);
Insert into ROOT.DETAIL (TASK_ID,TASK_ITEM,MON,TUE,WED,THU,FRI,SAT,SUN,ITEM_TOTAL) values ('401170456_201603_03','後端程式整合',2,2,3,3,3,10,10,13);
Insert into ROOT.DETAIL (TASK_ID,TASK_ITEM,MON,TUE,WED,THU,FRI,SAT,SUN,ITEM_TOTAL) values ('401170456_201603_03','前端程式維護',3,4,3,1,4,10,10,15);
Insert into ROOT.DETAIL (TASK_ID,TASK_ITEM,MON,TUE,WED,THU,FRI,SAT,SUN,ITEM_TOTAL) values ('401170456_201603_04','前端程式維護',3,4,3,5,8,10,10,23);
Insert into ROOT.DETAIL (TASK_ID,TASK_ITEM,MON,TUE,WED,THU,FRI,SAT,SUN,ITEM_TOTAL) values ('401170456_201603_04','後端Servlet撰寫',5,4,5,3,0,10,10,17);
Insert into ROOT.DETAIL (TASK_ID,TASK_ITEM,MON,TUE,WED,THU,FRI,SAT,SUN,ITEM_TOTAL) values ('401170456_201603_05','後端Servlet撰寫',3,3,2,4,10,10,10,12);
Insert into ROOT.DETAIL (TASK_ID,TASK_ITEM,MON,TUE,WED,THU,FRI,SAT,SUN,ITEM_TOTAL) values ('401170456_201603_05','JDBC',2,3,2,2,10,10,10,9);
Insert into ROOT.DETAIL (TASK_ID,TASK_ITEM,MON,TUE,WED,THU,FRI,SAT,SUN,ITEM_TOTAL) values ('401170456_201603_05','資料庫建置',3,2,4,2,10,10,10,11);
Insert into ROOT.DETAIL (TASK_ID,TASK_ITEM,MON,TUE,WED,THU,FRI,SAT,SUN,ITEM_TOTAL) values ('401170456_201604_01','資料庫建置',6,10,10,10,10,10,10,6);
Insert into ROOT.DETAIL (TASK_ID,TASK_ITEM,MON,TUE,WED,THU,FRI,SAT,SUN,ITEM_TOTAL) values ('401170456_201604_01','後端Servlet撰寫',2,10,10,10,10,10,10,2);
Insert into ROOT.DETAIL (TASK_ID,TASK_ITEM,MON,TUE,WED,THU,FRI,SAT,SUN,ITEM_TOTAL) values ('401170456_201604_02','Html的版面設計',10,10,4,4,1,10,10,9);
Insert into ROOT.DETAIL (TASK_ID,TASK_ITEM,MON,TUE,WED,THU,FRI,SAT,SUN,ITEM_TOTAL) values ('401170456_201604_02','Excel & Word',10,10,3,2,1,10,10,6);
Insert into ROOT.DETAIL (TASK_ID,TASK_ITEM,MON,TUE,WED,THU,FRI,SAT,SUN,ITEM_TOTAL) values ('401170456_201604_02','小組會議',10,10,0,1,2,10,10,3);
Insert into ROOT.DETAIL (TASK_ID,TASK_ITEM,MON,TUE,WED,THU,FRI,SAT,SUN,ITEM_TOTAL) values ('401170456_201604_02','Database維護',10,10,1,1,4,10,10,6);
Insert into ROOT.DETAIL (TASK_ID,TASK_ITEM,MON,TUE,WED,THU,FRI,SAT,SUN,ITEM_TOTAL) values ('401170456_201604_03','Database維護',2,3,3,2,3,10,10,13);
Insert into ROOT.DETAIL (TASK_ID,TASK_ITEM,MON,TUE,WED,THU,FRI,SAT,SUN,ITEM_TOTAL) values ('401170456_201604_03','系統整合',2,1,2,2,2,10,10,9);
Insert into ROOT.DETAIL (TASK_ID,TASK_ITEM,MON,TUE,WED,THU,FRI,SAT,SUN,ITEM_TOTAL) values ('401170456_201604_03','後端Servlet撰寫',2,4,1,4,2,10,10,13);
Insert into ROOT.DETAIL (TASK_ID,TASK_ITEM,MON,TUE,WED,THU,FRI,SAT,SUN,ITEM_TOTAL) values ('401170456_201604_03','JQuery',2,0,2,0,1,10,10,5);
Insert into ROOT.DETAIL (TASK_ID,TASK_ITEM,MON,TUE,WED,THU,FRI,SAT,SUN,ITEM_TOTAL) values ('401170456_201604_04','JQuery',1,2,0,0,1,10,10,4);
Insert into ROOT.DETAIL (TASK_ID,TASK_ITEM,MON,TUE,WED,THU,FRI,SAT,SUN,ITEM_TOTAL) values ('401170456_201604_04','JSP編寫與研究',0,1,0,1,1,10,10,3);
Insert into ROOT.DETAIL (TASK_ID,TASK_ITEM,MON,TUE,WED,THU,FRI,SAT,SUN,ITEM_TOTAL) values ('401170456_201604_04','小組會議',0,0,1,1,0,10,10,2);
Insert into ROOT.DETAIL (TASK_ID,TASK_ITEM,MON,TUE,WED,THU,FRI,SAT,SUN,ITEM_TOTAL) values ('401170456_201604_05','小組會議',1,1,1,1,2,10,10,6);
Insert into ROOT.DETAIL (TASK_ID,TASK_ITEM,MON,TUE,WED,THU,FRI,SAT,SUN,ITEM_TOTAL) values ('401170456_201604_05','資料庫建置規劃',1,1,2,1,1,10,10,6);
Insert into ROOT.DETAIL (TASK_ID,TASK_ITEM,MON,TUE,WED,THU,FRI,SAT,SUN,ITEM_TOTAL) values ('401170456_201605_02','資料庫建置規劃',1,2,1,0,3,10,10,7);
Insert into ROOT.DETAIL (TASK_ID,TASK_ITEM,MON,TUE,WED,THU,FRI,SAT,SUN,ITEM_TOTAL) values ('401170456_201605_02','Html撰寫',1,1,3,1,2,10,10,8);
Insert into ROOT.DETAIL (TASK_ID,TASK_ITEM,MON,TUE,WED,THU,FRI,SAT,SUN,ITEM_TOTAL) values ('401170456_201603_02','Html撰寫',6,6,4,3,3,10,10,22);
Insert into ROOT.DETAIL (TASK_ID,TASK_ITEM,MON,TUE,WED,THU,FRI,SAT,SUN,ITEM_TOTAL) values ('401170456_201603_02','JSP編寫與研究',2,2,4,5,5,10,10,18);
Insert into ROOT.DETAIL (TASK_ID,TASK_ITEM,MON,TUE,WED,THU,FRI,SAT,SUN,ITEM_TOTAL) values ('401170286_201603_03','後端Servlet撰寫',4,3,2,4,3,10,10,16);
Insert into ROOT.DETAIL (TASK_ID,TASK_ITEM,MON,TUE,WED,THU,FRI,SAT,SUN,ITEM_TOTAL) values ('401170286_201603_03','JSP編寫與研究',4,3,3,3,2,10,10,15);
Insert into ROOT.DETAIL (TASK_ID,TASK_ITEM,MON,TUE,WED,THU,FRI,SAT,SUN,ITEM_TOTAL) values ('401170286_201603_03','資料庫建置規劃',0,2,3,1,3,10,10,9);
Insert into ROOT.DETAIL (TASK_ID,TASK_ITEM,MON,TUE,WED,THU,FRI,SAT,SUN,ITEM_TOTAL) values ('401170286_201603_04','資料庫建置規劃',6,2,5,4,3,10,10,20);
Insert into ROOT.DETAIL (TASK_ID,TASK_ITEM,MON,TUE,WED,THU,FRI,SAT,SUN,ITEM_TOTAL) values ('401170286_201603_04','資料庫建置',2,6,3,4,5,10,10,20);
Insert into ROOT.DETAIL (TASK_ID,TASK_ITEM,MON,TUE,WED,THU,FRI,SAT,SUN,ITEM_TOTAL) values ('401170286_201603_05','資料庫建置',3,5,1,7,10,10,10,16);
Insert into ROOT.DETAIL (TASK_ID,TASK_ITEM,MON,TUE,WED,THU,FRI,SAT,SUN,ITEM_TOTAL) values ('401170286_201603_05','專題討論',1,3,2,1,10,10,10,7);
Insert into ROOT.DETAIL (TASK_ID,TASK_ITEM,MON,TUE,WED,THU,FRI,SAT,SUN,ITEM_TOTAL) values ('401170286_201603_05','報告資料整理',4,0,5,0,10,10,10,9);
Insert into ROOT.DETAIL (TASK_ID,TASK_ITEM,MON,TUE,WED,THU,FRI,SAT,SUN,ITEM_TOTAL) values ('401170286_201604_01','報告資料整理',5,10,10,10,10,10,10,5);
Insert into ROOT.DETAIL (TASK_ID,TASK_ITEM,MON,TUE,WED,THU,FRI,SAT,SUN,ITEM_TOTAL) values ('401170286_201604_01','Html撰寫',2,10,10,10,10,10,10,2);
Insert into ROOT.DETAIL (TASK_ID,TASK_ITEM,MON,TUE,WED,THU,FRI,SAT,SUN,ITEM_TOTAL) values ('401170286_201604_01','後端Servlet撰寫',1,10,10,10,10,10,10,1);
Insert into ROOT.DETAIL (TASK_ID,TASK_ITEM,MON,TUE,WED,THU,FRI,SAT,SUN,ITEM_TOTAL) values ('401170286_201604_02','後端Servlet撰寫',10,10,3,3,2,10,10,8);
Insert into ROOT.DETAIL (TASK_ID,TASK_ITEM,MON,TUE,WED,THU,FRI,SAT,SUN,ITEM_TOTAL) values ('401170286_201604_02','資料庫建置規劃',10,10,4,1,2,10,10,7);
Insert into ROOT.DETAIL (TASK_ID,TASK_ITEM,MON,TUE,WED,THU,FRI,SAT,SUN,ITEM_TOTAL) values ('401170286_201604_02','JSP編寫與研究',10,10,1,4,4,10,10,9);
Insert into ROOT.DETAIL (TASK_ID,TASK_ITEM,MON,TUE,WED,THU,FRI,SAT,SUN,ITEM_TOTAL) values ('401170286_201604_03','JSP編寫與研究',3,3,4,4,0,10,10,14);
Insert into ROOT.DETAIL (TASK_ID,TASK_ITEM,MON,TUE,WED,THU,FRI,SAT,SUN,ITEM_TOTAL) values ('401170286_201604_03','Html撰寫',5,5,4,0,0,10,10,14);
Insert into ROOT.DETAIL (TASK_ID,TASK_ITEM,MON,TUE,WED,THU,FRI,SAT,SUN,ITEM_TOTAL) values ('401170286_201603_02','JSP編寫與研究',4,3,3,4,3,10,10,17);
Insert into ROOT.DETAIL (TASK_ID,TASK_ITEM,MON,TUE,WED,THU,FRI,SAT,SUN,ITEM_TOTAL) values ('401170286_201603_02','後端Servlet撰寫',4,5,5,4,5,10,10,23);
Insert into ROOT.DETAIL (TASK_ID,TASK_ITEM,MON,TUE,WED,THU,FRI,SAT,SUN,ITEM_TOTAL) values ('401422029_201605_02','HTML維護',3,5,4,2,3,10,10,17);
Insert into ROOT.DETAIL (TASK_ID,TASK_ITEM,MON,TUE,WED,THU,FRI,SAT,SUN,ITEM_TOTAL) values ('401422029_201605_02','JSP編寫',5,3,4,6,5,10,10,23);
Insert into ROOT.DETAIL (TASK_ID,TASK_ITEM,MON,TUE,WED,THU,FRI,SAT,SUN,ITEM_TOTAL) values ('401422029_201603_02','JSP編寫與研究',3,1,6,1,6,10,10,17);
Insert into ROOT.DETAIL (TASK_ID,TASK_ITEM,MON,TUE,WED,THU,FRI,SAT,SUN,ITEM_TOTAL) values ('401422029_201603_02','JDBC',3,3,1,2,1,10,10,10);
Insert into ROOT.DETAIL (TASK_ID,TASK_ITEM,MON,TUE,WED,THU,FRI,SAT,SUN,ITEM_TOTAL) values ('401422029_201603_02','JSP',2,4,1,5,1,10,10,13);
Insert into ROOT.DETAIL (TASK_ID,TASK_ITEM,MON,TUE,WED,THU,FRI,SAT,SUN,ITEM_TOTAL) values ('401422029_201603_03','JSP',4,3,4,2,4,10,10,17);
Insert into ROOT.DETAIL (TASK_ID,TASK_ITEM,MON,TUE,WED,THU,FRI,SAT,SUN,ITEM_TOTAL) values ('401422029_201603_03','Java Coding',4,5,4,6,4,10,10,23);
Insert into ROOT.DETAIL (TASK_ID,TASK_ITEM,MON,TUE,WED,THU,FRI,SAT,SUN,ITEM_TOTAL) values ('401422029_201603_04','Java Coding',4,0,4,2,4,10,10,14);
Insert into ROOT.DETAIL (TASK_ID,TASK_ITEM,MON,TUE,WED,THU,FRI,SAT,SUN,ITEM_TOTAL) values ('401422029_201603_04','JQuery',2,3,0,5,1,10,10,11);
Insert into ROOT.DETAIL (TASK_ID,TASK_ITEM,MON,TUE,WED,THU,FRI,SAT,SUN,ITEM_TOTAL) values ('401422029_201603_04','資料庫建置規劃',2,5,4,1,3,10,10,15);
Insert into ROOT.DETAIL (TASK_ID,TASK_ITEM,MON,TUE,WED,THU,FRI,SAT,SUN,ITEM_TOTAL) values ('401422029_201603_05','資料庫建置規劃',4,3,1,3,10,10,10,11);
Insert into ROOT.DETAIL (TASK_ID,TASK_ITEM,MON,TUE,WED,THU,FRI,SAT,SUN,ITEM_TOTAL) values ('401422029_201603_05','JSP編寫與研究',4,2,4,4,10,10,10,14);
Insert into ROOT.DETAIL (TASK_ID,TASK_ITEM,MON,TUE,WED,THU,FRI,SAT,SUN,ITEM_TOTAL) values ('401422029_201603_05','Html撰寫',0,3,3,1,10,10,10,7);
Insert into ROOT.DETAIL (TASK_ID,TASK_ITEM,MON,TUE,WED,THU,FRI,SAT,SUN,ITEM_TOTAL) values ('401422029_201604_01','Html撰寫',4,10,10,10,10,10,10,4);
Insert into ROOT.DETAIL (TASK_ID,TASK_ITEM,MON,TUE,WED,THU,FRI,SAT,SUN,ITEM_TOTAL) values ('401422029_201604_01','小組會議',4,10,10,10,10,10,10,4);
Insert into ROOT.DETAIL (TASK_ID,TASK_ITEM,MON,TUE,WED,THU,FRI,SAT,SUN,ITEM_TOTAL) values ('401422029_201604_02','小組會議',10,10,3,5,5,10,10,13);
Insert into ROOT.DETAIL (TASK_ID,TASK_ITEM,MON,TUE,WED,THU,FRI,SAT,SUN,ITEM_TOTAL) values ('401422029_201604_02','專題研討',10,10,5,3,3,10,10,11);
Insert into ROOT.DETAIL (TASK_ID,TASK_ITEM,MON,TUE,WED,THU,FRI,SAT,SUN,ITEM_TOTAL) values ('401422029_201604_03','專題研討',6,1,5,2,3,10,10,17);
Insert into ROOT.DETAIL (TASK_ID,TASK_ITEM,MON,TUE,WED,THU,FRI,SAT,SUN,ITEM_TOTAL) values ('401422029_201604_03','後端Servlet撰寫',2,3,2,2,4,10,10,13);
Insert into ROOT.DETAIL (TASK_ID,TASK_ITEM,MON,TUE,WED,THU,FRI,SAT,SUN,ITEM_TOTAL) values ('401422029_201604_03','資料庫建置',0,4,1,4,1,10,10,10);
Insert into ROOT.DETAIL (TASK_ID,TASK_ITEM,MON,TUE,WED,THU,FRI,SAT,SUN,ITEM_TOTAL) values ('401422029_201604_04','資料庫建置',5,0,3,0,0,10,10,8);
Insert into ROOT.DETAIL (TASK_ID,TASK_ITEM,MON,TUE,WED,THU,FRI,SAT,SUN,ITEM_TOTAL) values ('401422029_201604_04','Html的版面設計',4,4,0,0,0,10,10,8);
Insert into ROOT.DETAIL (TASK_ID,TASK_ITEM,MON,TUE,WED,THU,FRI,SAT,SUN,ITEM_TOTAL) values ('401422029_201604_05','Html的版面設計',3,5,4,4,2,10,10,18);
Insert into ROOT.DETAIL (TASK_ID,TASK_ITEM,MON,TUE,WED,THU,FRI,SAT,SUN,ITEM_TOTAL) values ('401422029_201604_05','後端Servlet撰寫',5,3,4,4,6,10,10,22);
Insert into ROOT.DETAIL (TASK_ID,TASK_ITEM,MON,TUE,WED,THU,FRI,SAT,SUN,ITEM_TOTAL) values ('401170341_201604_02','資料庫建置規劃',10,10,5,3,4,10,10,12);
Insert into ROOT.DETAIL (TASK_ID,TASK_ITEM,MON,TUE,WED,THU,FRI,SAT,SUN,ITEM_TOTAL) values ('401170341_201604_02','Html撰寫',10,10,2,3,1,10,10,6);
Insert into ROOT.DETAIL (TASK_ID,TASK_ITEM,MON,TUE,WED,THU,FRI,SAT,SUN,ITEM_TOTAL) values ('401170341_201604_02','小組會議',10,10,1,2,3,10,10,6);
Insert into ROOT.DETAIL (TASK_ID,TASK_ITEM,MON,TUE,WED,THU,FRI,SAT,SUN,ITEM_TOTAL) values ('401170341_201602_03','A',1,6,3,0,1,10,10,11);
Insert into ROOT.DETAIL (TASK_ID,TASK_ITEM,MON,TUE,WED,THU,FRI,SAT,SUN,ITEM_TOTAL) values ('401170341_201602_03','B',2,2,1,4,1,10,10,10);
Insert into ROOT.DETAIL (TASK_ID,TASK_ITEM,MON,TUE,WED,THU,FRI,SAT,SUN,ITEM_TOTAL) values ('401170341_201602_03','C',4,0,4,2,5,10,10,15);
Insert into ROOT.DETAIL (TASK_ID,TASK_ITEM,MON,TUE,WED,THU,FRI,SAT,SUN,ITEM_TOTAL) values ('401170341_201605_06','請假系統開發',1,2,10,10,10,10,10,3);
Insert into ROOT.DETAIL (TASK_ID,TASK_ITEM,MON,TUE,WED,THU,FRI,SAT,SUN,ITEM_TOTAL) values ('401170341_201605_06','JDBC',2,5,10,10,10,10,10,7);
Insert into ROOT.DETAIL (TASK_ID,TASK_ITEM,MON,TUE,WED,THU,FRI,SAT,SUN,ITEM_TOTAL) values ('401170341_201605_06','Servlet',4,1,10,10,10,10,10,5);
Insert into ROOT.DETAIL (TASK_ID,TASK_ITEM,MON,TUE,WED,THU,FRI,SAT,SUN,ITEM_TOTAL) values ('401170341_201604_03','Html撰寫',3,2,2,4,1,10,10,12);
Insert into ROOT.DETAIL (TASK_ID,TASK_ITEM,MON,TUE,WED,THU,FRI,SAT,SUN,ITEM_TOTAL) values ('401170341_201604_03','小組會議',1,1,4,0,1,10,10,7);
Insert into ROOT.DETAIL (TASK_ID,TASK_ITEM,MON,TUE,WED,THU,FRI,SAT,SUN,ITEM_TOTAL) values ('401170341_201604_03','資料庫建置規劃',0,2,0,2,3,10,10,7);
REM INSERTING into ROOT.HOLIDAY
SET DEFINE OFF;
Insert into ROOT.HOLIDAY (HOLIDAY_DATE,CAUSE) values ('2016-01-01(五)','元旦放假');
Insert into ROOT.HOLIDAY (HOLIDAY_DATE,CAUSE) values ('2016-01-02(六)','週休二日');
Insert into ROOT.HOLIDAY (HOLIDAY_DATE,CAUSE) values ('2016-01-03(日)','週休二日');
Insert into ROOT.HOLIDAY (HOLIDAY_DATE,CAUSE) values ('2016-01-09(六)','週休二日');
Insert into ROOT.HOLIDAY (HOLIDAY_DATE,CAUSE) values ('2016-01-10(日)','週休二日');
Insert into ROOT.HOLIDAY (HOLIDAY_DATE,CAUSE) values ('2016-01-16(六)','週休二日');
Insert into ROOT.HOLIDAY (HOLIDAY_DATE,CAUSE) values ('2016-01-17(日)','週休二日');
Insert into ROOT.HOLIDAY (HOLIDAY_DATE,CAUSE) values ('2016-01-23(六)','週休二日');
Insert into ROOT.HOLIDAY (HOLIDAY_DATE,CAUSE) values ('2016-01-24(日)','週休二日');
Insert into ROOT.HOLIDAY (HOLIDAY_DATE,CAUSE) values ('2016-01-30(六)','週休二日');
Insert into ROOT.HOLIDAY (HOLIDAY_DATE,CAUSE) values ('2016-01-31(日)','週休二日');
Insert into ROOT.HOLIDAY (HOLIDAY_DATE,CAUSE) values ('2016-02-06(六)','週休二日');
Insert into ROOT.HOLIDAY (HOLIDAY_DATE,CAUSE) values ('2016-02-07(日)','週休二日');
Insert into ROOT.HOLIDAY (HOLIDAY_DATE,CAUSE) values ('2016-02-08(一)','春節假期');
Insert into ROOT.HOLIDAY (HOLIDAY_DATE,CAUSE) values ('2016-02-09(二)','春節假期');
Insert into ROOT.HOLIDAY (HOLIDAY_DATE,CAUSE) values ('2016-02-10(三)','春節假期');
Insert into ROOT.HOLIDAY (HOLIDAY_DATE,CAUSE) values ('2016-02-11(四)','春節假期');
Insert into ROOT.HOLIDAY (HOLIDAY_DATE,CAUSE) values ('2016-02-12(五)','彈性放假');
Insert into ROOT.HOLIDAY (HOLIDAY_DATE,CAUSE) values ('2016-02-13(六)','週休二日');
Insert into ROOT.HOLIDAY (HOLIDAY_DATE,CAUSE) values ('2016-02-14(日)','週休二日');
Insert into ROOT.HOLIDAY (HOLIDAY_DATE,CAUSE) values ('2016-02-20(六)','週休二日');
Insert into ROOT.HOLIDAY (HOLIDAY_DATE,CAUSE) values ('2016-02-21(日)','週休二日');
Insert into ROOT.HOLIDAY (HOLIDAY_DATE,CAUSE) values ('2016-02-27(六)','週休二日');
Insert into ROOT.HOLIDAY (HOLIDAY_DATE,CAUSE) values ('2016-02-28(日)','週休二日');
Insert into ROOT.HOLIDAY (HOLIDAY_DATE,CAUSE) values ('2016-02-29(一)','228補假');
Insert into ROOT.HOLIDAY (HOLIDAY_DATE,CAUSE) values ('2016-03-05(六)','週休二日');
Insert into ROOT.HOLIDAY (HOLIDAY_DATE,CAUSE) values ('2016-03-06(日)','週休二日');
Insert into ROOT.HOLIDAY (HOLIDAY_DATE,CAUSE) values ('2016-03-12(六)','週休二日');
Insert into ROOT.HOLIDAY (HOLIDAY_DATE,CAUSE) values ('2016-03-13(日)','週休二日');
Insert into ROOT.HOLIDAY (HOLIDAY_DATE,CAUSE) values ('2016-03-19(六)','週休二日');
Insert into ROOT.HOLIDAY (HOLIDAY_DATE,CAUSE) values ('2016-03-20(日)','週休二日');
Insert into ROOT.HOLIDAY (HOLIDAY_DATE,CAUSE) values ('2016-03-26(六)','週休二日');
Insert into ROOT.HOLIDAY (HOLIDAY_DATE,CAUSE) values ('2016-03-27(日)','週休二日');
Insert into ROOT.HOLIDAY (HOLIDAY_DATE,CAUSE) values ('2016-04-02(六)','週休二日');
Insert into ROOT.HOLIDAY (HOLIDAY_DATE,CAUSE) values ('2016-04-03(日)','週休二日');
Insert into ROOT.HOLIDAY (HOLIDAY_DATE,CAUSE) values ('2016-04-04(一)','婦幼節放假');
Insert into ROOT.HOLIDAY (HOLIDAY_DATE,CAUSE) values ('2016-04-05(二)','清明節放假');
Insert into ROOT.HOLIDAY (HOLIDAY_DATE,CAUSE) values ('2016-04-09(六)','週休二日');
Insert into ROOT.HOLIDAY (HOLIDAY_DATE,CAUSE) values ('2016-04-10(日)','週休二日');
Insert into ROOT.HOLIDAY (HOLIDAY_DATE,CAUSE) values ('2016-04-16(六)','週休二日');
Insert into ROOT.HOLIDAY (HOLIDAY_DATE,CAUSE) values ('2016-04-17(日)','週休二日');
Insert into ROOT.HOLIDAY (HOLIDAY_DATE,CAUSE) values ('2016-04-23(六)','週休二日');
Insert into ROOT.HOLIDAY (HOLIDAY_DATE,CAUSE) values ('2016-04-24(日)','週休二日');
Insert into ROOT.HOLIDAY (HOLIDAY_DATE,CAUSE) values ('2016-04-30(六)','週休二日');
Insert into ROOT.HOLIDAY (HOLIDAY_DATE,CAUSE) values ('2016-05-01(日)','週休二日');
Insert into ROOT.HOLIDAY (HOLIDAY_DATE,CAUSE) values ('2016-05-07(六)','週休二日');
Insert into ROOT.HOLIDAY (HOLIDAY_DATE,CAUSE) values ('2016-05-08(日)','週休二日');
Insert into ROOT.HOLIDAY (HOLIDAY_DATE,CAUSE) values ('2016-05-14(六)','週休二日');
Insert into ROOT.HOLIDAY (HOLIDAY_DATE,CAUSE) values ('2016-05-15(日)','週休二日');
Insert into ROOT.HOLIDAY (HOLIDAY_DATE,CAUSE) values ('2016-05-21(六)','週休二日');
Insert into ROOT.HOLIDAY (HOLIDAY_DATE,CAUSE) values ('2016-05-22(日)','週休二日');
Insert into ROOT.HOLIDAY (HOLIDAY_DATE,CAUSE) values ('2016-05-28(六)','週休二日');
Insert into ROOT.HOLIDAY (HOLIDAY_DATE,CAUSE) values ('2016-05-29(日)','週休二日');
Insert into ROOT.HOLIDAY (HOLIDAY_DATE,CAUSE) values ('2016-06-04(六)','週休二日');
Insert into ROOT.HOLIDAY (HOLIDAY_DATE,CAUSE) values ('2016-06-05(日)','週休二日');
Insert into ROOT.HOLIDAY (HOLIDAY_DATE,CAUSE) values ('2016-06-09(四)','端午節放假');
Insert into ROOT.HOLIDAY (HOLIDAY_DATE,CAUSE) values ('2016-06-10(五)','彈性放假');
Insert into ROOT.HOLIDAY (HOLIDAY_DATE,CAUSE) values ('2016-06-11(六)','週休二日');
Insert into ROOT.HOLIDAY (HOLIDAY_DATE,CAUSE) values ('2016-06-12(日)','週休二日');
Insert into ROOT.HOLIDAY (HOLIDAY_DATE,CAUSE) values ('2016-06-18(六)','週休二日');
Insert into ROOT.HOLIDAY (HOLIDAY_DATE,CAUSE) values ('2016-06-19(日)','週休二日');
Insert into ROOT.HOLIDAY (HOLIDAY_DATE,CAUSE) values ('2016-06-25(六)','週休二日');
Insert into ROOT.HOLIDAY (HOLIDAY_DATE,CAUSE) values ('2016-06-26(日)','週休二日');
Insert into ROOT.HOLIDAY (HOLIDAY_DATE,CAUSE) values ('2016-07-02(六)','週休二日');
Insert into ROOT.HOLIDAY (HOLIDAY_DATE,CAUSE) values ('2016-07-03(日)','週休二日');
Insert into ROOT.HOLIDAY (HOLIDAY_DATE,CAUSE) values ('2016-07-09(六)','週休二日');
Insert into ROOT.HOLIDAY (HOLIDAY_DATE,CAUSE) values ('2016-07-10(日)','週休二日');
Insert into ROOT.HOLIDAY (HOLIDAY_DATE,CAUSE) values ('2016-07-16(六)','週休二日');
Insert into ROOT.HOLIDAY (HOLIDAY_DATE,CAUSE) values ('2016-07-17(日)','週休二日');
Insert into ROOT.HOLIDAY (HOLIDAY_DATE,CAUSE) values ('2016-07-23(六)','週休二日');
Insert into ROOT.HOLIDAY (HOLIDAY_DATE,CAUSE) values ('2016-07-24(日)','週休二日');
Insert into ROOT.HOLIDAY (HOLIDAY_DATE,CAUSE) values ('2016-07-30(六)','週休二日');
Insert into ROOT.HOLIDAY (HOLIDAY_DATE,CAUSE) values ('2016-07-31(日)','週休二日');
Insert into ROOT.HOLIDAY (HOLIDAY_DATE,CAUSE) values ('2016-08-06(六)','週休二日');
Insert into ROOT.HOLIDAY (HOLIDAY_DATE,CAUSE) values ('2016-08-07(日)','週休二日');
Insert into ROOT.HOLIDAY (HOLIDAY_DATE,CAUSE) values ('2016-08-13(六)','週休二日');
Insert into ROOT.HOLIDAY (HOLIDAY_DATE,CAUSE) values ('2016-08-14(日)','週休二日');
Insert into ROOT.HOLIDAY (HOLIDAY_DATE,CAUSE) values ('2016-08-20(六)','週休二日');
Insert into ROOT.HOLIDAY (HOLIDAY_DATE,CAUSE) values ('2016-08-21(日)','週休二日');
Insert into ROOT.HOLIDAY (HOLIDAY_DATE,CAUSE) values ('2016-08-27(六)','週休二日');
Insert into ROOT.HOLIDAY (HOLIDAY_DATE,CAUSE) values ('2016-08-28(日)','週休二日');
Insert into ROOT.HOLIDAY (HOLIDAY_DATE,CAUSE) values ('2016-09-03(六)','週休二日');
Insert into ROOT.HOLIDAY (HOLIDAY_DATE,CAUSE) values ('2016-09-04(日)','週休二日');
Insert into ROOT.HOLIDAY (HOLIDAY_DATE,CAUSE) values ('2016-09-10(六)','週休二日');
Insert into ROOT.HOLIDAY (HOLIDAY_DATE,CAUSE) values ('2016-09-11(日)','週休二日');
Insert into ROOT.HOLIDAY (HOLIDAY_DATE,CAUSE) values ('2016-09-15(四)','中秋節放假');
Insert into ROOT.HOLIDAY (HOLIDAY_DATE,CAUSE) values ('2016-09-16(五)','彈性放假');
Insert into ROOT.HOLIDAY (HOLIDAY_DATE,CAUSE) values ('2016-09-17(六)','週休二日');
Insert into ROOT.HOLIDAY (HOLIDAY_DATE,CAUSE) values ('2016-09-18(日)','週休二日');
Insert into ROOT.HOLIDAY (HOLIDAY_DATE,CAUSE) values ('2016-09-24(六)','週休二日');
Insert into ROOT.HOLIDAY (HOLIDAY_DATE,CAUSE) values ('2016-09-25(日)','週休二日');
Insert into ROOT.HOLIDAY (HOLIDAY_DATE,CAUSE) values ('2016-10-01(六)','週休二日');
Insert into ROOT.HOLIDAY (HOLIDAY_DATE,CAUSE) values ('2016-10-02(日)','週休二日');
Insert into ROOT.HOLIDAY (HOLIDAY_DATE,CAUSE) values ('2016-10-08(六)','週休二日');
Insert into ROOT.HOLIDAY (HOLIDAY_DATE,CAUSE) values ('2016-10-09(日)','週休二日');
Insert into ROOT.HOLIDAY (HOLIDAY_DATE,CAUSE) values ('2016-10-15(六)','週休二日');
Insert into ROOT.HOLIDAY (HOLIDAY_DATE,CAUSE) values ('2016-10-16(日)','週休二日');
Insert into ROOT.HOLIDAY (HOLIDAY_DATE,CAUSE) values ('2016-10-22(六)','週休二日');
Insert into ROOT.HOLIDAY (HOLIDAY_DATE,CAUSE) values ('2016-10-23(日)','週休二日');
Insert into ROOT.HOLIDAY (HOLIDAY_DATE,CAUSE) values ('2016-10-29(六)','週休二日');
Insert into ROOT.HOLIDAY (HOLIDAY_DATE,CAUSE) values ('2016-10-30(日)','週休二日');
Insert into ROOT.HOLIDAY (HOLIDAY_DATE,CAUSE) values ('2016-11-05(六)','週休二日');
Insert into ROOT.HOLIDAY (HOLIDAY_DATE,CAUSE) values ('2016-11-06(日)','週休二日');
Insert into ROOT.HOLIDAY (HOLIDAY_DATE,CAUSE) values ('2016-11-12(六)','週休二日');
Insert into ROOT.HOLIDAY (HOLIDAY_DATE,CAUSE) values ('2016-11-13(日)','週休二日');
Insert into ROOT.HOLIDAY (HOLIDAY_DATE,CAUSE) values ('2016-11-19(六)','週休二日');
Insert into ROOT.HOLIDAY (HOLIDAY_DATE,CAUSE) values ('2016-11-20(日)','週休二日');
Insert into ROOT.HOLIDAY (HOLIDAY_DATE,CAUSE) values ('2016-11-26(六)','週休二日');
Insert into ROOT.HOLIDAY (HOLIDAY_DATE,CAUSE) values ('2016-11-27(日)','週休二日');
Insert into ROOT.HOLIDAY (HOLIDAY_DATE,CAUSE) values ('2016-12-03(六)','週休二日');
Insert into ROOT.HOLIDAY (HOLIDAY_DATE,CAUSE) values ('2016-12-04(日)','週休二日');
Insert into ROOT.HOLIDAY (HOLIDAY_DATE,CAUSE) values ('2016-12-10(六)','週休二日');
Insert into ROOT.HOLIDAY (HOLIDAY_DATE,CAUSE) values ('2016-12-11(日)','週休二日');
Insert into ROOT.HOLIDAY (HOLIDAY_DATE,CAUSE) values ('2016-12-17(六)','週休二日');
Insert into ROOT.HOLIDAY (HOLIDAY_DATE,CAUSE) values ('2016-12-18(日)','週休二日');
Insert into ROOT.HOLIDAY (HOLIDAY_DATE,CAUSE) values ('2016-12-24(六)','週休二日');
Insert into ROOT.HOLIDAY (HOLIDAY_DATE,CAUSE) values ('2016-12-25(日)','週休二日');
Insert into ROOT.HOLIDAY (HOLIDAY_DATE,CAUSE) values ('2016-12-31(六)','週休二日');
REM INSERTING into ROOT.LEAVE_TYPE
SET DEFINE OFF;
Insert into ROOT.LEAVE_TYPE (TYPE) values ('事假');
Insert into ROOT.LEAVE_TYPE (TYPE) values ('公假');
Insert into ROOT.LEAVE_TYPE (TYPE) values ('喪假');
Insert into ROOT.LEAVE_TYPE (TYPE) values ('特休');
Insert into ROOT.LEAVE_TYPE (TYPE) values ('生理假');
Insert into ROOT.LEAVE_TYPE (TYPE) values ('產假');
Insert into ROOT.LEAVE_TYPE (TYPE) values ('病假');
Insert into ROOT.LEAVE_TYPE (TYPE) values ('補休');
REM INSERTING into ROOT.LEAVELIST
SET DEFINE OFF;
Insert into ROOT.LEAVELIST (LEAVE_ID,USER_ID,LEAVE_START_DATE,START_TIME,LEAVE_END_DATE,END_TIME,TYPE,REASON,STATUS,BACK_REASON,TIMES,YEAR,LICATION_DATE) values ('401170341 2016-06-21 12:00:00',401170341,'2016-06-21','13:00','2016-06-21','14:00','事假','路上塞車',1,null,1,2016,to_date('2016-06-21','YYYY-MM-DD'));
Insert into ROOT.LEAVELIST (LEAVE_ID,USER_ID,LEAVE_START_DATE,START_TIME,LEAVE_END_DATE,END_TIME,TYPE,REASON,STATUS,BACK_REASON,TIMES,YEAR,LICATION_DATE) values ('401170327 2016-05-31 09:00:00',401170327,'2016-05-31','09:00','2016-05-31','15:00','生理假','身體不適，噁心想吐',1,null,5,2016,to_date('2016-05-30','YYYY-MM-DD'));
Insert into ROOT.LEAVELIST (LEAVE_ID,USER_ID,LEAVE_START_DATE,START_TIME,LEAVE_END_DATE,END_TIME,TYPE,REASON,STATUS,BACK_REASON,TIMES,YEAR,LICATION_DATE) values ('401170341 2016-05-31 09:00:00',401170341,'2016-05-31','09:00','2016-05-31','12:00','病假','闌尾發炎',1,null,3,2016,to_date('2016-05-29','YYYY-MM-DD'));
Insert into ROOT.LEAVELIST (LEAVE_ID,USER_ID,LEAVE_START_DATE,START_TIME,LEAVE_END_DATE,END_TIME,TYPE,REASON,STATUS,BACK_REASON,TIMES,YEAR,LICATION_DATE) values ('401170341 2016-04-20 14:00:00',401170341,'2016-04-20','14:00','2016-04-20','16:00','事假','搬家',2,null,2,2016,to_date('2016-04-10','YYYY-MM-DD'));
Insert into ROOT.LEAVELIST (LEAVE_ID,USER_ID,LEAVE_START_DATE,START_TIME,LEAVE_END_DATE,END_TIME,TYPE,REASON,STATUS,BACK_REASON,TIMES,YEAR,LICATION_DATE) values ('401170456 2016-05-17 09:00:00',401170456,'2016-05-17','09:00','2016-05-17','12:00','事假','駕訓班考試',3,'請假時數過長，請更正為2小時',3,2016,to_date('2016-05-13','YYYY-MM-DD'));
Insert into ROOT.LEAVELIST (LEAVE_ID,USER_ID,LEAVE_START_DATE,START_TIME,LEAVE_END_DATE,END_TIME,TYPE,REASON,STATUS,BACK_REASON,TIMES,YEAR,LICATION_DATE) values ('401170341 2016-06-22 09:00:00',401170341,'2016-06-22','09:00','2016-06-22','18:00','病假','便祕',1,null,8,2016,to_date('2016-06-21','YYYY-MM-DD'));
REM INSERTING into ROOT.SET_UPPERBOUND
SET DEFINE OFF;
Insert into ROOT.SET_UPPERBOUND (USER_ID,TYPE,UPPERBOUND,USED_TIME,YEAR) values (401170341,'事假',112,2,2016);
Insert into ROOT.SET_UPPERBOUND (USER_ID,TYPE,UPPERBOUND,USED_TIME,YEAR) values (401170341,'病假',240,11,2016);
Insert into ROOT.SET_UPPERBOUND (USER_ID,TYPE,UPPERBOUND,USED_TIME,YEAR) values (401170341,'公假',168,0,2016);
Insert into ROOT.SET_UPPERBOUND (USER_ID,TYPE,UPPERBOUND,USED_TIME,YEAR) values (401170341,'喪假',64,0,2016);
Insert into ROOT.SET_UPPERBOUND (USER_ID,TYPE,UPPERBOUND,USED_TIME,YEAR) values (401170341,'產假',320,0,2016);
Insert into ROOT.SET_UPPERBOUND (USER_ID,TYPE,UPPERBOUND,USED_TIME,YEAR) values (401170341,'生理假',96,0,2016);
Insert into ROOT.SET_UPPERBOUND (USER_ID,TYPE,UPPERBOUND,USED_TIME,YEAR) values (401170341,'特休',80,0,2016);
Insert into ROOT.SET_UPPERBOUND (USER_ID,TYPE,UPPERBOUND,USED_TIME,YEAR) values (401170341,'補休',104,0,2016);
Insert into ROOT.SET_UPPERBOUND (USER_ID,TYPE,UPPERBOUND,USED_TIME,YEAR) values (401170327,'事假',112,0,2016);
Insert into ROOT.SET_UPPERBOUND (USER_ID,TYPE,UPPERBOUND,USED_TIME,YEAR) values (401170327,'病假',240,0,2016);
Insert into ROOT.SET_UPPERBOUND (USER_ID,TYPE,UPPERBOUND,USED_TIME,YEAR) values (401170327,'公假',168,0,2016);
Insert into ROOT.SET_UPPERBOUND (USER_ID,TYPE,UPPERBOUND,USED_TIME,YEAR) values (401170327,'喪假',64,0,2016);
Insert into ROOT.SET_UPPERBOUND (USER_ID,TYPE,UPPERBOUND,USED_TIME,YEAR) values (401170327,'產假',320,0,2016);
Insert into ROOT.SET_UPPERBOUND (USER_ID,TYPE,UPPERBOUND,USED_TIME,YEAR) values (401170327,'生理假',96,0,2016);
Insert into ROOT.SET_UPPERBOUND (USER_ID,TYPE,UPPERBOUND,USED_TIME,YEAR) values (401170327,'特休',80,0,2016);
Insert into ROOT.SET_UPPERBOUND (USER_ID,TYPE,UPPERBOUND,USED_TIME,YEAR) values (401170327,'補休',104,0,2016);
Insert into ROOT.SET_UPPERBOUND (USER_ID,TYPE,UPPERBOUND,USED_TIME,YEAR) values (401170456,'事假',112,0,2016);
Insert into ROOT.SET_UPPERBOUND (USER_ID,TYPE,UPPERBOUND,USED_TIME,YEAR) values (401170456,'病假',240,0,2016);
Insert into ROOT.SET_UPPERBOUND (USER_ID,TYPE,UPPERBOUND,USED_TIME,YEAR) values (401170456,'公假',168,0,2016);
Insert into ROOT.SET_UPPERBOUND (USER_ID,TYPE,UPPERBOUND,USED_TIME,YEAR) values (401170456,'喪假',64,0,2016);
Insert into ROOT.SET_UPPERBOUND (USER_ID,TYPE,UPPERBOUND,USED_TIME,YEAR) values (401170456,'產假',320,0,2016);
Insert into ROOT.SET_UPPERBOUND (USER_ID,TYPE,UPPERBOUND,USED_TIME,YEAR) values (401170456,'生理假',96,0,2016);
Insert into ROOT.SET_UPPERBOUND (USER_ID,TYPE,UPPERBOUND,USED_TIME,YEAR) values (401170456,'特休',80,0,2016);
Insert into ROOT.SET_UPPERBOUND (USER_ID,TYPE,UPPERBOUND,USED_TIME,YEAR) values (401170456,'補休',104,0,2016);
Insert into ROOT.SET_UPPERBOUND (USER_ID,TYPE,UPPERBOUND,USED_TIME,YEAR) values (401170286,'事假',112,0,2016);
Insert into ROOT.SET_UPPERBOUND (USER_ID,TYPE,UPPERBOUND,USED_TIME,YEAR) values (401170286,'病假',240,0,2016);
Insert into ROOT.SET_UPPERBOUND (USER_ID,TYPE,UPPERBOUND,USED_TIME,YEAR) values (401170286,'公假',168,0,2016);
Insert into ROOT.SET_UPPERBOUND (USER_ID,TYPE,UPPERBOUND,USED_TIME,YEAR) values (401170286,'喪假',64,0,2016);
Insert into ROOT.SET_UPPERBOUND (USER_ID,TYPE,UPPERBOUND,USED_TIME,YEAR) values (401170286,'產假',320,0,2016);
Insert into ROOT.SET_UPPERBOUND (USER_ID,TYPE,UPPERBOUND,USED_TIME,YEAR) values (401170286,'生理假',96,0,2016);
Insert into ROOT.SET_UPPERBOUND (USER_ID,TYPE,UPPERBOUND,USED_TIME,YEAR) values (401170286,'特休',80,0,2016);
Insert into ROOT.SET_UPPERBOUND (USER_ID,TYPE,UPPERBOUND,USED_TIME,YEAR) values (401170286,'補休',104,0,2016);
Insert into ROOT.SET_UPPERBOUND (USER_ID,TYPE,UPPERBOUND,USED_TIME,YEAR) values (401422029,'事假',112,0,2016);
Insert into ROOT.SET_UPPERBOUND (USER_ID,TYPE,UPPERBOUND,USED_TIME,YEAR) values (401422029,'病假',240,0,2016);
Insert into ROOT.SET_UPPERBOUND (USER_ID,TYPE,UPPERBOUND,USED_TIME,YEAR) values (401422029,'公假',168,0,2016);
Insert into ROOT.SET_UPPERBOUND (USER_ID,TYPE,UPPERBOUND,USED_TIME,YEAR) values (401422029,'喪假',64,0,2016);
Insert into ROOT.SET_UPPERBOUND (USER_ID,TYPE,UPPERBOUND,USED_TIME,YEAR) values (401422029,'產假',320,0,2016);
Insert into ROOT.SET_UPPERBOUND (USER_ID,TYPE,UPPERBOUND,USED_TIME,YEAR) values (401422029,'生理假',96,0,2016);
Insert into ROOT.SET_UPPERBOUND (USER_ID,TYPE,UPPERBOUND,USED_TIME,YEAR) values (401422029,'特休',80,0,2016);
Insert into ROOT.SET_UPPERBOUND (USER_ID,TYPE,UPPERBOUND,USED_TIME,YEAR) values (401422029,'補休',104,0,2016);
REM INSERTING into ROOT.TASKLIST
SET DEFINE OFF;
Insert into ROOT.TASKLIST (TASK_ID,USER_ID,TASK_NAME,START_DATE,END_DATE,STATUS,TOTAL,BACK_REASON) values ('401170341_201603_03',401170341,'201603_03','2016-03-14(一)','2016-03-20(日)',2,40,null);
Insert into ROOT.TASKLIST (TASK_ID,USER_ID,TASK_NAME,START_DATE,END_DATE,STATUS,TOTAL,BACK_REASON) values ('401170341_201603_02',401170341,'201603_02','2016-03-07(一)','2016-03-13(日)',2,40,null);
Insert into ROOT.TASKLIST (TASK_ID,USER_ID,TASK_NAME,START_DATE,END_DATE,STATUS,TOTAL,BACK_REASON) values ('401170341_201603_04',401170341,'201603_04','2016-03-21(一)','2016-03-27(日)',2,40,null);
Insert into ROOT.TASKLIST (TASK_ID,USER_ID,TASK_NAME,START_DATE,END_DATE,STATUS,TOTAL,BACK_REASON) values ('401170341_201603_05',401170341,'201603_05','2016-03-28(一)','2016-03-31(四)',3,32,'"JSP編寫與研究"時數填寫不正確');
Insert into ROOT.TASKLIST (TASK_ID,USER_ID,TASK_NAME,START_DATE,END_DATE,STATUS,TOTAL,BACK_REASON) values ('401170341_201604_01',401170341,'201604_01','2016-04-01(五)','2016-04-03(日)',4,8,null);
Insert into ROOT.TASKLIST (TASK_ID,USER_ID,TASK_NAME,START_DATE,END_DATE,STATUS,TOTAL,BACK_REASON) values ('401170327_201604_01',401170327,'201604_01','2016-04-01(五)','2016-04-03(日)',4,8,null);
Insert into ROOT.TASKLIST (TASK_ID,USER_ID,TASK_NAME,START_DATE,END_DATE,STATUS,TOTAL,BACK_REASON) values ('401170341_201604_04',401170341,'201604_04','2016-04-18(一)','2016-04-24(日)',3,16,'各工時摘要皆填寫錯誤，請重新確認');
Insert into ROOT.TASKLIST (TASK_ID,USER_ID,TASK_NAME,START_DATE,END_DATE,STATUS,TOTAL,BACK_REASON) values ('401170341_201604_05',401170341,'201604_05','2016-04-25(一)','2016-04-30(六)',4,8,null);
Insert into ROOT.TASKLIST (TASK_ID,USER_ID,TASK_NAME,START_DATE,END_DATE,STATUS,TOTAL,BACK_REASON) values ('401170341_201605_02',401170341,'201605_02','2016-05-02(一)','2016-05-08(日)',3,22,'"專題討論"時數過長，請重新確認修改');
Insert into ROOT.TASKLIST (TASK_ID,USER_ID,TASK_NAME,START_DATE,END_DATE,STATUS,TOTAL,BACK_REASON) values ('401170327_201604_02',401170327,'201604_02','2016-04-04(一)','2016-04-10(日)',4,14,null);
Insert into ROOT.TASKLIST (TASK_ID,USER_ID,TASK_NAME,START_DATE,END_DATE,STATUS,TOTAL,BACK_REASON) values ('401170327_201604_03',401170327,'201604_03','2016-04-11(一)','2016-04-17(日)',4,10,null);
Insert into ROOT.TASKLIST (TASK_ID,USER_ID,TASK_NAME,START_DATE,END_DATE,STATUS,TOTAL,BACK_REASON) values ('401170327_201604_04',401170327,'201604_04','2016-04-18(一)','2016-04-24(日)',3,14,'各摘要時數分配有誤，請重新修改再提交審核');
Insert into ROOT.TASKLIST (TASK_ID,USER_ID,TASK_NAME,START_DATE,END_DATE,STATUS,TOTAL,BACK_REASON) values ('401170327_201604_05',401170327,'201604_05','2016-04-25(一)','2016-04-30(六)',4,1,null);
Insert into ROOT.TASKLIST (TASK_ID,USER_ID,TASK_NAME,START_DATE,END_DATE,STATUS,TOTAL,BACK_REASON) values ('401170327_201603_01',401170327,'201603_01','2016-03-01(二)','2016-03-06(日)',2,32,null);
Insert into ROOT.TASKLIST (TASK_ID,USER_ID,TASK_NAME,START_DATE,END_DATE,STATUS,TOTAL,BACK_REASON) values ('401170327_201603_02',401170327,'201603_02','2016-03-07(一)','2016-03-13(日)',2,40,null);
Insert into ROOT.TASKLIST (TASK_ID,USER_ID,TASK_NAME,START_DATE,END_DATE,STATUS,TOTAL,BACK_REASON) values ('401170327_201603_03',401170327,'201603_03','2016-03-14(一)','2016-03-20(日)',2,40,null);
Insert into ROOT.TASKLIST (TASK_ID,USER_ID,TASK_NAME,START_DATE,END_DATE,STATUS,TOTAL,BACK_REASON) values ('401170327_201603_04',401170327,'201603_04','2016-03-21(一)','2016-03-27(日)',2,40,null);
Insert into ROOT.TASKLIST (TASK_ID,USER_ID,TASK_NAME,START_DATE,END_DATE,STATUS,TOTAL,BACK_REASON) values ('401170327_201603_05',401170327,'201603_05','2016-03-28(一)','2016-03-31(四)',3,32,'工時錯誤');
Insert into ROOT.TASKLIST (TASK_ID,USER_ID,TASK_NAME,START_DATE,END_DATE,STATUS,TOTAL,BACK_REASON) values ('401170456_201603_03',401170456,'201603_03','2016-03-14(一)','2016-03-20(日)',2,40,null);
Insert into ROOT.TASKLIST (TASK_ID,USER_ID,TASK_NAME,START_DATE,END_DATE,STATUS,TOTAL,BACK_REASON) values ('401170456_201603_04',401170456,'201603_04','2016-03-21(一)','2016-03-27(日)',2,40,null);
Insert into ROOT.TASKLIST (TASK_ID,USER_ID,TASK_NAME,START_DATE,END_DATE,STATUS,TOTAL,BACK_REASON) values ('401170456_201603_05',401170456,'201603_05','2016-03-28(一)','2016-03-31(四)',2,32,null);
Insert into ROOT.TASKLIST (TASK_ID,USER_ID,TASK_NAME,START_DATE,END_DATE,STATUS,TOTAL,BACK_REASON) values ('401170456_201604_01',401170456,'201604_01','2016-04-01(五)','2016-04-03(日)',3,8,'工時錯誤');
Insert into ROOT.TASKLIST (TASK_ID,USER_ID,TASK_NAME,START_DATE,END_DATE,STATUS,TOTAL,BACK_REASON) values ('401170456_201604_02',401170456,'201604_02','2016-04-04(一)','2016-04-10(日)',1,24,null);
Insert into ROOT.TASKLIST (TASK_ID,USER_ID,TASK_NAME,START_DATE,END_DATE,STATUS,TOTAL,BACK_REASON) values ('401170456_201604_03',401170456,'201604_03','2016-04-11(一)','2016-04-17(日)',1,40,null);
Insert into ROOT.TASKLIST (TASK_ID,USER_ID,TASK_NAME,START_DATE,END_DATE,STATUS,TOTAL,BACK_REASON) values ('401170456_201604_04',401170456,'201604_04','2016-04-18(一)','2016-04-24(日)',4,9,null);
Insert into ROOT.TASKLIST (TASK_ID,USER_ID,TASK_NAME,START_DATE,END_DATE,STATUS,TOTAL,BACK_REASON) values ('401170456_201604_05',401170456,'201604_05','2016-04-25(一)','2016-04-30(六)',4,12,null);
Insert into ROOT.TASKLIST (TASK_ID,USER_ID,TASK_NAME,START_DATE,END_DATE,STATUS,TOTAL,BACK_REASON) values ('401170456_201605_02',401170456,'201605_02','2016-05-02(一)','2016-05-08(日)',4,15,null);
Insert into ROOT.TASKLIST (TASK_ID,USER_ID,TASK_NAME,START_DATE,END_DATE,STATUS,TOTAL,BACK_REASON) values ('401170456_201603_02',401170456,'201603_02','2016-03-07(一)','2016-03-13(日)',1,40,null);
Insert into ROOT.TASKLIST (TASK_ID,USER_ID,TASK_NAME,START_DATE,END_DATE,STATUS,TOTAL,BACK_REASON) values ('401170286_201603_04',401170286,'201603_04','2016-03-21(一)','2016-03-27(日)',3,40,'工時錯誤');
Insert into ROOT.TASKLIST (TASK_ID,USER_ID,TASK_NAME,START_DATE,END_DATE,STATUS,TOTAL,BACK_REASON) values ('401170286_201603_05',401170286,'201603_05','2016-03-28(一)','2016-03-31(四)',1,32,null);
Insert into ROOT.TASKLIST (TASK_ID,USER_ID,TASK_NAME,START_DATE,END_DATE,STATUS,TOTAL,BACK_REASON) values ('401170286_201604_01',401170286,'201604_01','2016-04-01(五)','2016-04-03(日)',3,8,'工時錯誤');
Insert into ROOT.TASKLIST (TASK_ID,USER_ID,TASK_NAME,START_DATE,END_DATE,STATUS,TOTAL,BACK_REASON) values ('401170286_201604_02',401170286,'201604_02','2016-04-04(一)','2016-04-10(日)',4,24,null);
Insert into ROOT.TASKLIST (TASK_ID,USER_ID,TASK_NAME,START_DATE,END_DATE,STATUS,TOTAL,BACK_REASON) values ('401170286_201604_03',401170286,'201604_03','2016-04-11(一)','2016-04-17(日)',4,28,null);
Insert into ROOT.TASKLIST (TASK_ID,USER_ID,TASK_NAME,START_DATE,END_DATE,STATUS,TOTAL,BACK_REASON) values ('401422029_201605_02',401422029,'201605_02','2016-05-02(一)','2016-05-08(日)',4,40,null);
Insert into ROOT.TASKLIST (TASK_ID,USER_ID,TASK_NAME,START_DATE,END_DATE,STATUS,TOTAL,BACK_REASON) values ('401422029_201603_02',401422029,'201603_02','2016-03-07(一)','2016-03-13(日)',2,40,null);
Insert into ROOT.TASKLIST (TASK_ID,USER_ID,TASK_NAME,START_DATE,END_DATE,STATUS,TOTAL,BACK_REASON) values ('401422029_201603_03',401422029,'201603_03','2016-03-14(一)','2016-03-20(日)',2,40,null);
Insert into ROOT.TASKLIST (TASK_ID,USER_ID,TASK_NAME,START_DATE,END_DATE,STATUS,TOTAL,BACK_REASON) values ('401422029_201603_04',401422029,'201603_04','2016-03-21(一)','2016-03-27(日)',2,40,null);
Insert into ROOT.TASKLIST (TASK_ID,USER_ID,TASK_NAME,START_DATE,END_DATE,STATUS,TOTAL,BACK_REASON) values ('401422029_201603_05',401422029,'201603_05','2016-03-28(一)','2016-03-31(四)',2,32,null);
Insert into ROOT.TASKLIST (TASK_ID,USER_ID,TASK_NAME,START_DATE,END_DATE,STATUS,TOTAL,BACK_REASON) values ('401170286_201603_02',401170286,'201603_02','2016-03-07(一)','2016-03-13(日)',3,40,null);
Insert into ROOT.TASKLIST (TASK_ID,USER_ID,TASK_NAME,START_DATE,END_DATE,STATUS,TOTAL,BACK_REASON) values ('401170286_201603_03',401170286,'201603_03','2016-03-14(一)','2016-03-20(日)',1,40,null);
Insert into ROOT.TASKLIST (TASK_ID,USER_ID,TASK_NAME,START_DATE,END_DATE,STATUS,TOTAL,BACK_REASON) values ('401422029_201604_01',401422029,'201604_01','2016-04-01(五)','2016-04-03(日)',3,8,'工時錯誤');
Insert into ROOT.TASKLIST (TASK_ID,USER_ID,TASK_NAME,START_DATE,END_DATE,STATUS,TOTAL,BACK_REASON) values ('401422029_201604_02',401422029,'201604_02','2016-04-04(一)','2016-04-10(日)',3,24,'工時錯誤');
Insert into ROOT.TASKLIST (TASK_ID,USER_ID,TASK_NAME,START_DATE,END_DATE,STATUS,TOTAL,BACK_REASON) values ('401422029_201604_03',401422029,'201604_03','2016-04-11(一)','2016-04-17(日)',1,40,null);
Insert into ROOT.TASKLIST (TASK_ID,USER_ID,TASK_NAME,START_DATE,END_DATE,STATUS,TOTAL,BACK_REASON) values ('401422029_201604_04',401422029,'201604_04','2016-04-18(一)','2016-04-24(日)',4,16,null);
Insert into ROOT.TASKLIST (TASK_ID,USER_ID,TASK_NAME,START_DATE,END_DATE,STATUS,TOTAL,BACK_REASON) values ('401422029_201604_05',401422029,'201604_05','2016-04-25(一)','2016-04-30(六)',1,40,null);
Insert into ROOT.TASKLIST (TASK_ID,USER_ID,TASK_NAME,START_DATE,END_DATE,STATUS,TOTAL,BACK_REASON) values ('401170341_201604_02',401170341,'201604_02','2016-04-04(一)','2016-04-10(日)',1,24,null);
Insert into ROOT.TASKLIST (TASK_ID,USER_ID,TASK_NAME,START_DATE,END_DATE,STATUS,TOTAL,BACK_REASON) values ('401170341_201602_03',401170341,'201602_03','2016-02-15(一)','2016-02-21(日)',4,36,null);
Insert into ROOT.TASKLIST (TASK_ID,USER_ID,TASK_NAME,START_DATE,END_DATE,STATUS,TOTAL,BACK_REASON) values ('401170341_201605_06',401170341,'201605_06','2016-05-30(一)','2016-05-31(二)',4,15,null);
Insert into ROOT.TASKLIST (TASK_ID,USER_ID,TASK_NAME,START_DATE,END_DATE,STATUS,TOTAL,BACK_REASON) values ('401170341_201604_03',401170341,'201604_03','2016-04-11(一)','2016-04-17(日)',4,26,null);
REM INSERTING into ROOT.USERS
SET DEFINE OFF;
Insert into ROOT.USERS (ID,NAME,JOB,ACCOUNT,PASSWORD,EMAIL,SEX) values (401170000,'黃添興','manager','IISI_00','000000','stanley820609@gmail.com',1);
Insert into ROOT.USERS (ID,NAME,JOB,ACCOUNT,PASSWORD,EMAIL,SEX) values (401170286,'范振軒','employee','IISI_05','800420','sam92215@gmail.com',1);
Insert into ROOT.USERS (ID,NAME,JOB,ACCOUNT,PASSWORD,EMAIL,SEX) values (401170327,'陳怡安','employee','IISI_02','820906','happday8296@gmail.com',0);
Insert into ROOT.USERS (ID,NAME,JOB,ACCOUNT,PASSWORD,EMAIL,SEX) values (401170341,'許俊山','employee','IISI_01','830609','stanley830609@gmail.com',1);
Insert into ROOT.USERS (ID,NAME,JOB,ACCOUNT,PASSWORD,EMAIL,SEX) values (401170456,'謝明翰','employee','IISI_03','830225','johnhoj83@gmail.com',1);
Insert into ROOT.USERS (ID,NAME,JOB,ACCOUNT,PASSWORD,EMAIL,SEX) values (401422029,'陳姵安','employee','IISI_04','830505','s8900771@gmail.com',0);
REM INSERTING into ROOT.WEEK
SET DEFINE OFF;
Insert into ROOT.WEEK (WEEK_NAME,START_DATE,END_DATE) values ('201601_01','2016-01-01(五)','2016-01-03(日)');
Insert into ROOT.WEEK (WEEK_NAME,START_DATE,END_DATE) values ('201601_02','2016-01-04(一)','2016-01-10(日)');
Insert into ROOT.WEEK (WEEK_NAME,START_DATE,END_DATE) values ('201601_03','2016-01-11(一)','2016-01-17(日)');
Insert into ROOT.WEEK (WEEK_NAME,START_DATE,END_DATE) values ('201601_04','2016-01-18(一)','2016-01-24(日)');
Insert into ROOT.WEEK (WEEK_NAME,START_DATE,END_DATE) values ('201601_05','2016-01-25(一)','2016-01-31(日)');
Insert into ROOT.WEEK (WEEK_NAME,START_DATE,END_DATE) values ('201602_01','2016-02-01(一)','2016-02-07(日)');
Insert into ROOT.WEEK (WEEK_NAME,START_DATE,END_DATE) values ('201602_02','2016-02-08(一)','2016-02-14(日)');
Insert into ROOT.WEEK (WEEK_NAME,START_DATE,END_DATE) values ('201602_03','2016-02-15(一)','2016-02-21(日)');
Insert into ROOT.WEEK (WEEK_NAME,START_DATE,END_DATE) values ('201602_04','2016-02-22(一)','2016-02-28(日)');
Insert into ROOT.WEEK (WEEK_NAME,START_DATE,END_DATE) values ('201602_05','2016-02-29(一)','2016-02-29(一)');
Insert into ROOT.WEEK (WEEK_NAME,START_DATE,END_DATE) values ('201603_01','2016-03-01(二)','2016-03-06(日)');
Insert into ROOT.WEEK (WEEK_NAME,START_DATE,END_DATE) values ('201603_02','2016-03-07(一)','2016-03-13(日)');
Insert into ROOT.WEEK (WEEK_NAME,START_DATE,END_DATE) values ('201603_03','2016-03-14(一)','2016-03-20(日)');
Insert into ROOT.WEEK (WEEK_NAME,START_DATE,END_DATE) values ('201603_04','2016-03-21(一)','2016-03-27(日)');
Insert into ROOT.WEEK (WEEK_NAME,START_DATE,END_DATE) values ('201603_05','2016-03-28(一)','2016-03-31(四)');
Insert into ROOT.WEEK (WEEK_NAME,START_DATE,END_DATE) values ('201604_01','2016-04-01(五)','2016-04-03(日)');
Insert into ROOT.WEEK (WEEK_NAME,START_DATE,END_DATE) values ('201604_02','2016-04-04(一)','2016-04-10(日)');
Insert into ROOT.WEEK (WEEK_NAME,START_DATE,END_DATE) values ('201604_03','2016-04-11(一)','2016-04-17(日)');
Insert into ROOT.WEEK (WEEK_NAME,START_DATE,END_DATE) values ('201604_04','2016-04-18(一)','2016-04-24(日)');
Insert into ROOT.WEEK (WEEK_NAME,START_DATE,END_DATE) values ('201604_05','2016-04-25(一)','2016-04-30(六)');
Insert into ROOT.WEEK (WEEK_NAME,START_DATE,END_DATE) values ('201605_01','2016-05-01(日)','2016-05-01(日)');
Insert into ROOT.WEEK (WEEK_NAME,START_DATE,END_DATE) values ('201605_02','2016-05-02(一)','2016-05-08(日)');
Insert into ROOT.WEEK (WEEK_NAME,START_DATE,END_DATE) values ('201605_03','2016-05-09(一)','2016-05-15(日)');
Insert into ROOT.WEEK (WEEK_NAME,START_DATE,END_DATE) values ('201605_04','2016-05-16(一)','2016-05-22(日)');
Insert into ROOT.WEEK (WEEK_NAME,START_DATE,END_DATE) values ('201605_05','2016-05-23(一)','2016-05-29(日)');
Insert into ROOT.WEEK (WEEK_NAME,START_DATE,END_DATE) values ('201605_06','2016-05-30(一)','2016-05-31(二)');
Insert into ROOT.WEEK (WEEK_NAME,START_DATE,END_DATE) values ('201606_01','2016-06-01(三)','2016-06-05(日)');
Insert into ROOT.WEEK (WEEK_NAME,START_DATE,END_DATE) values ('201606_02','2016-06-06(一)','2016-06-12(日)');
Insert into ROOT.WEEK (WEEK_NAME,START_DATE,END_DATE) values ('201606_03','2016-06-13(一)','2016-06-19(日)');
Insert into ROOT.WEEK (WEEK_NAME,START_DATE,END_DATE) values ('201606_04','2016-06-20(一)','2016-06-26(日)');
Insert into ROOT.WEEK (WEEK_NAME,START_DATE,END_DATE) values ('201606_05','2016-06-27(一)','2016-06-30(四)');
Insert into ROOT.WEEK (WEEK_NAME,START_DATE,END_DATE) values ('201607_01','2016-07-01(五)','2016-07-03(日)');
Insert into ROOT.WEEK (WEEK_NAME,START_DATE,END_DATE) values ('201607_02','2016-07-04(一)','2016-07-10(日)');
Insert into ROOT.WEEK (WEEK_NAME,START_DATE,END_DATE) values ('201607_03','2016-07-11(一)','2016-07-17(日)');
Insert into ROOT.WEEK (WEEK_NAME,START_DATE,END_DATE) values ('201607_04','2016-07-18(一)','2016-07-24(日)');
Insert into ROOT.WEEK (WEEK_NAME,START_DATE,END_DATE) values ('201607_05','2016-07-25(一)','2016-07-31(日)');
Insert into ROOT.WEEK (WEEK_NAME,START_DATE,END_DATE) values ('201608_01','2016-08-01(一)','2016-08-07(日)');
Insert into ROOT.WEEK (WEEK_NAME,START_DATE,END_DATE) values ('201608_02','2016-08-08(一)','2016-08-14(日)');
Insert into ROOT.WEEK (WEEK_NAME,START_DATE,END_DATE) values ('201608_03','2016-08-15(一)','2016-08-21(日)');
Insert into ROOT.WEEK (WEEK_NAME,START_DATE,END_DATE) values ('201608_04','2016-08-22(一)','2016-08-28(日)');
Insert into ROOT.WEEK (WEEK_NAME,START_DATE,END_DATE) values ('201608_05','2016-08-29(一)','2016-08-31(三)');
Insert into ROOT.WEEK (WEEK_NAME,START_DATE,END_DATE) values ('201609_01','2016-09-01(四)','2016-09-04(日)');
Insert into ROOT.WEEK (WEEK_NAME,START_DATE,END_DATE) values ('201609_02','2016-09-05(一)','2016-09-11(日)');
Insert into ROOT.WEEK (WEEK_NAME,START_DATE,END_DATE) values ('201609_03','2016-09-12(一)','2016-09-18(日)');
Insert into ROOT.WEEK (WEEK_NAME,START_DATE,END_DATE) values ('201609_04','2016-09-19(一)','2016-09-25(日)');
Insert into ROOT.WEEK (WEEK_NAME,START_DATE,END_DATE) values ('201609_05','2016-09-26(一)','2016-09-30(五)');
Insert into ROOT.WEEK (WEEK_NAME,START_DATE,END_DATE) values ('201610_01','2016-10-01(六)','2016-10-02(日)');
Insert into ROOT.WEEK (WEEK_NAME,START_DATE,END_DATE) values ('201610_02','2016-10-03(一)','2016-10-09(日)');
Insert into ROOT.WEEK (WEEK_NAME,START_DATE,END_DATE) values ('201610_03','2016-10-10(一)','2016-10-16(日)');
Insert into ROOT.WEEK (WEEK_NAME,START_DATE,END_DATE) values ('201610_04','2016-10-17(一)','2016-10-23(日)');
Insert into ROOT.WEEK (WEEK_NAME,START_DATE,END_DATE) values ('201610_05','2016-10-24(一)','2016-10-30(日)');
Insert into ROOT.WEEK (WEEK_NAME,START_DATE,END_DATE) values ('201610_06','2016-10-31(一)','2016-10-31(一)');
Insert into ROOT.WEEK (WEEK_NAME,START_DATE,END_DATE) values ('201611_01','2016-11-01(二)','2016-11-06(日)');
Insert into ROOT.WEEK (WEEK_NAME,START_DATE,END_DATE) values ('201611_02','2016-11-07(一)','2016-11-13(日)');
Insert into ROOT.WEEK (WEEK_NAME,START_DATE,END_DATE) values ('201611_03','2016-11-14(一)','2016-11-20(日)');
Insert into ROOT.WEEK (WEEK_NAME,START_DATE,END_DATE) values ('201611_04','2016-11-21(一)','2016-11-27(日)');
Insert into ROOT.WEEK (WEEK_NAME,START_DATE,END_DATE) values ('201611_05','2016-11-28(一)','2016-11-30(三)');
Insert into ROOT.WEEK (WEEK_NAME,START_DATE,END_DATE) values ('201612_01','2016-12-01(四)','2016-12-04(日)');
Insert into ROOT.WEEK (WEEK_NAME,START_DATE,END_DATE) values ('201612_02','2016-12-05(一)','2016-12-11(日)');
Insert into ROOT.WEEK (WEEK_NAME,START_DATE,END_DATE) values ('201612_03','2016-12-12(一)','2016-12-18(日)');
Insert into ROOT.WEEK (WEEK_NAME,START_DATE,END_DATE) values ('201612_04','2016-12-19(一)','2016-12-25(日)');
Insert into ROOT.WEEK (WEEK_NAME,START_DATE,END_DATE) values ('201612_05','2016-12-26(一)','2016-12-31(六)');
--------------------------------------------------------
--  DDL for Index DETAIL_PK
--------------------------------------------------------

  CREATE UNIQUE INDEX "DETAIL_PK" ON "DETAIL" ("TASK_ID", "TASK_ITEM") 
  PCTFREE 10 INITRANS 2 MAXTRANS 255 COMPUTE STATISTICS 
  STORAGE(INITIAL 65536 NEXT 1048576 MINEXTENTS 1 MAXEXTENTS 2147483645
  PCTINCREASE 0 FREELISTS 1 FREELIST GROUPS 1 BUFFER_POOL DEFAULT FLASH_CACHE DEFAULT CELL_FLASH_CACHE DEFAULT)
  TABLESPACE "SYSTEM" ;
--------------------------------------------------------
--  DDL for Index HOLIDAY_PK
--------------------------------------------------------

  CREATE UNIQUE INDEX "HOLIDAY_PK" ON "HOLIDAY" ("HOLIDAY_DATE") 
  PCTFREE 10 INITRANS 2 MAXTRANS 255 COMPUTE STATISTICS 
  STORAGE(INITIAL 65536 NEXT 1048576 MINEXTENTS 1 MAXEXTENTS 2147483645
  PCTINCREASE 0 FREELISTS 1 FREELIST GROUPS 1 BUFFER_POOL DEFAULT FLASH_CACHE DEFAULT CELL_FLASH_CACHE DEFAULT)
  TABLESPACE "USERS" ;
--------------------------------------------------------
--  DDL for Index LEAVE_TYPE_PK
--------------------------------------------------------

  CREATE UNIQUE INDEX "LEAVE_TYPE_PK" ON "LEAVE_TYPE" ("TYPE") 
  PCTFREE 10 INITRANS 2 MAXTRANS 255 COMPUTE STATISTICS 
  STORAGE(INITIAL 65536 NEXT 1048576 MINEXTENTS 1 MAXEXTENTS 2147483645
  PCTINCREASE 0 FREELISTS 1 FREELIST GROUPS 1 BUFFER_POOL DEFAULT FLASH_CACHE DEFAULT CELL_FLASH_CACHE DEFAULT)
  TABLESPACE "USERS" ;
--------------------------------------------------------
--  DDL for Index LEAVELIST_PK
--------------------------------------------------------

  CREATE UNIQUE INDEX "LEAVELIST_PK" ON "LEAVELIST" ("LEAVE_ID") 
  PCTFREE 10 INITRANS 2 MAXTRANS 255 COMPUTE STATISTICS 
  STORAGE(INITIAL 65536 NEXT 1048576 MINEXTENTS 1 MAXEXTENTS 2147483645
  PCTINCREASE 0 FREELISTS 1 FREELIST GROUPS 1 BUFFER_POOL DEFAULT FLASH_CACHE DEFAULT CELL_FLASH_CACHE DEFAULT)
  TABLESPACE "USERS" ;
--------------------------------------------------------
--  DDL for Index SET_UPPERBOUND_PK
--------------------------------------------------------

  CREATE UNIQUE INDEX "SET_UPPERBOUND_PK" ON "SET_UPPERBOUND" ("USER_ID", "YEAR", "TYPE") 
  PCTFREE 10 INITRANS 2 MAXTRANS 255 COMPUTE STATISTICS 
  STORAGE(INITIAL 65536 NEXT 1048576 MINEXTENTS 1 MAXEXTENTS 2147483645
  PCTINCREASE 0 FREELISTS 1 FREELIST GROUPS 1 BUFFER_POOL DEFAULT FLASH_CACHE DEFAULT CELL_FLASH_CACHE DEFAULT)
  TABLESPACE "USERS" ;
--------------------------------------------------------
--  DDL for Index TASK_LIST_PK
--------------------------------------------------------

  CREATE UNIQUE INDEX "TASK_LIST_PK" ON "TASKLIST" ("TASK_ID") 
  PCTFREE 10 INITRANS 2 MAXTRANS 255 COMPUTE STATISTICS 
  STORAGE(INITIAL 65536 NEXT 1048576 MINEXTENTS 1 MAXEXTENTS 2147483645
  PCTINCREASE 0 FREELISTS 1 FREELIST GROUPS 1 BUFFER_POOL DEFAULT FLASH_CACHE DEFAULT CELL_FLASH_CACHE DEFAULT)
  TABLESPACE "SYSTEM" ;
--------------------------------------------------------
--  DDL for Index USERS_PK
--------------------------------------------------------

  CREATE UNIQUE INDEX "USERS_PK" ON "USERS" ("ID") 
  PCTFREE 10 INITRANS 2 MAXTRANS 255 COMPUTE STATISTICS 
  STORAGE(INITIAL 65536 NEXT 1048576 MINEXTENTS 1 MAXEXTENTS 2147483645
  PCTINCREASE 0 FREELISTS 1 FREELIST GROUPS 1 BUFFER_POOL DEFAULT FLASH_CACHE DEFAULT CELL_FLASH_CACHE DEFAULT)
  TABLESPACE "USERS" ;
--------------------------------------------------------
--  DDL for Index USERS_UK1
--------------------------------------------------------

  CREATE UNIQUE INDEX "USERS_UK1" ON "USERS" ("ACCOUNT") 
  PCTFREE 10 INITRANS 2 MAXTRANS 255 COMPUTE STATISTICS 
  STORAGE(INITIAL 65536 NEXT 1048576 MINEXTENTS 1 MAXEXTENTS 2147483645
  PCTINCREASE 0 FREELISTS 1 FREELIST GROUPS 1 BUFFER_POOL DEFAULT FLASH_CACHE DEFAULT CELL_FLASH_CACHE DEFAULT)
  TABLESPACE "USERS" ;
--------------------------------------------------------
--  DDL for Index USERS_UK2
--------------------------------------------------------

  CREATE UNIQUE INDEX "USERS_UK2" ON "USERS" ("EMAIL") 
  PCTFREE 10 INITRANS 2 MAXTRANS 255 COMPUTE STATISTICS 
  STORAGE(INITIAL 65536 NEXT 1048576 MINEXTENTS 1 MAXEXTENTS 2147483645
  PCTINCREASE 0 FREELISTS 1 FREELIST GROUPS 1 BUFFER_POOL DEFAULT FLASH_CACHE DEFAULT CELL_FLASH_CACHE DEFAULT)
  TABLESPACE "USERS" ;
--------------------------------------------------------
--  DDL for Index WEEK_PK
--------------------------------------------------------

  CREATE UNIQUE INDEX "WEEK_PK" ON "WEEK" ("WEEK_NAME") 
  PCTFREE 10 INITRANS 2 MAXTRANS 255 COMPUTE STATISTICS 
  STORAGE(INITIAL 65536 NEXT 1048576 MINEXTENTS 1 MAXEXTENTS 2147483645
  PCTINCREASE 0 FREELISTS 1 FREELIST GROUPS 1 BUFFER_POOL DEFAULT FLASH_CACHE DEFAULT CELL_FLASH_CACHE DEFAULT)
  TABLESPACE "USERS" ;
--------------------------------------------------------
--  DDL for Index WEEK_UK1
--------------------------------------------------------

  CREATE UNIQUE INDEX "WEEK_UK1" ON "WEEK" ("START_DATE") 
  PCTFREE 10 INITRANS 2 MAXTRANS 255 COMPUTE STATISTICS 
  STORAGE(INITIAL 65536 NEXT 1048576 MINEXTENTS 1 MAXEXTENTS 2147483645
  PCTINCREASE 0 FREELISTS 1 FREELIST GROUPS 1 BUFFER_POOL DEFAULT FLASH_CACHE DEFAULT CELL_FLASH_CACHE DEFAULT)
  TABLESPACE "USERS" ;
--------------------------------------------------------
--  DDL for Index WEEK_UK2
--------------------------------------------------------

  CREATE UNIQUE INDEX "WEEK_UK2" ON "WEEK" ("END_DATE") 
  PCTFREE 10 INITRANS 2 MAXTRANS 255 COMPUTE STATISTICS 
  STORAGE(INITIAL 65536 NEXT 1048576 MINEXTENTS 1 MAXEXTENTS 2147483645
  PCTINCREASE 0 FREELISTS 1 FREELIST GROUPS 1 BUFFER_POOL DEFAULT FLASH_CACHE DEFAULT CELL_FLASH_CACHE DEFAULT)
  TABLESPACE "USERS" ;
--------------------------------------------------------
--  Constraints for Table DETAIL
--------------------------------------------------------

  ALTER TABLE "DETAIL" ADD CONSTRAINT "DETAIL_PK" PRIMARY KEY ("TASK_ID", "TASK_ITEM")
  USING INDEX PCTFREE 10 INITRANS 2 MAXTRANS 255 COMPUTE STATISTICS 
  STORAGE(INITIAL 65536 NEXT 1048576 MINEXTENTS 1 MAXEXTENTS 2147483645
  PCTINCREASE 0 FREELISTS 1 FREELIST GROUPS 1 BUFFER_POOL DEFAULT FLASH_CACHE DEFAULT CELL_FLASH_CACHE DEFAULT)
  TABLESPACE "SYSTEM"  ENABLE;
 
  ALTER TABLE "DETAIL" MODIFY ("SUN" NOT NULL ENABLE);
 
  ALTER TABLE "DETAIL" MODIFY ("SAT" NOT NULL ENABLE);
 
  ALTER TABLE "DETAIL" MODIFY ("FRI" NOT NULL ENABLE);
 
  ALTER TABLE "DETAIL" MODIFY ("THU" NOT NULL ENABLE);
 
  ALTER TABLE "DETAIL" MODIFY ("WED" NOT NULL ENABLE);
 
  ALTER TABLE "DETAIL" MODIFY ("TUE" NOT NULL ENABLE);
 
  ALTER TABLE "DETAIL" MODIFY ("MON" NOT NULL ENABLE);
 
  ALTER TABLE "DETAIL" MODIFY ("TASK_ITEM" NOT NULL ENABLE);
 
  ALTER TABLE "DETAIL" MODIFY ("TASK_ID" NOT NULL ENABLE);
--------------------------------------------------------
--  Constraints for Table HOLIDAY
--------------------------------------------------------

  ALTER TABLE "HOLIDAY" ADD CONSTRAINT "HOLIDAY_PK" PRIMARY KEY ("HOLIDAY_DATE")
  USING INDEX PCTFREE 10 INITRANS 2 MAXTRANS 255 COMPUTE STATISTICS 
  STORAGE(INITIAL 65536 NEXT 1048576 MINEXTENTS 1 MAXEXTENTS 2147483645
  PCTINCREASE 0 FREELISTS 1 FREELIST GROUPS 1 BUFFER_POOL DEFAULT FLASH_CACHE DEFAULT CELL_FLASH_CACHE DEFAULT)
  TABLESPACE "USERS"  ENABLE;
 
  ALTER TABLE "HOLIDAY" MODIFY ("HOLIDAY_DATE" NOT NULL ENABLE);
 
  ALTER TABLE "HOLIDAY" MODIFY ("CAUSE" NOT NULL ENABLE);
--------------------------------------------------------
--  Constraints for Table LEAVE_TYPE
--------------------------------------------------------

  ALTER TABLE "LEAVE_TYPE" ADD CONSTRAINT "LEAVE_TYPE_PK" PRIMARY KEY ("TYPE")
  USING INDEX PCTFREE 10 INITRANS 2 MAXTRANS 255 COMPUTE STATISTICS 
  STORAGE(INITIAL 65536 NEXT 1048576 MINEXTENTS 1 MAXEXTENTS 2147483645
  PCTINCREASE 0 FREELISTS 1 FREELIST GROUPS 1 BUFFER_POOL DEFAULT FLASH_CACHE DEFAULT CELL_FLASH_CACHE DEFAULT)
  TABLESPACE "USERS"  ENABLE;
 
  ALTER TABLE "LEAVE_TYPE" MODIFY ("TYPE" NOT NULL ENABLE);
--------------------------------------------------------
--  Constraints for Table LEAVELIST
--------------------------------------------------------

  ALTER TABLE "LEAVELIST" ADD CONSTRAINT "LEAVELIST_PK" PRIMARY KEY ("LEAVE_ID")
  USING INDEX PCTFREE 10 INITRANS 2 MAXTRANS 255 COMPUTE STATISTICS 
  STORAGE(INITIAL 65536 NEXT 1048576 MINEXTENTS 1 MAXEXTENTS 2147483645
  PCTINCREASE 0 FREELISTS 1 FREELIST GROUPS 1 BUFFER_POOL DEFAULT FLASH_CACHE DEFAULT CELL_FLASH_CACHE DEFAULT)
  TABLESPACE "USERS"  ENABLE;
 
  ALTER TABLE "LEAVELIST" MODIFY ("LEAVE_ID" NOT NULL ENABLE);
 
  ALTER TABLE "LEAVELIST" MODIFY ("USER_ID" NOT NULL ENABLE);
 
  ALTER TABLE "LEAVELIST" MODIFY ("LEAVE_START_DATE" NOT NULL ENABLE);
 
  ALTER TABLE "LEAVELIST" MODIFY ("START_TIME" NOT NULL ENABLE);
 
  ALTER TABLE "LEAVELIST" MODIFY ("LEAVE_END_DATE" NOT NULL ENABLE);
 
  ALTER TABLE "LEAVELIST" MODIFY ("END_TIME" NOT NULL ENABLE);
 
  ALTER TABLE "LEAVELIST" MODIFY ("TYPE" NOT NULL ENABLE);
 
  ALTER TABLE "LEAVELIST" MODIFY ("STATUS" NOT NULL ENABLE);
 
  ALTER TABLE "LEAVELIST" MODIFY ("TIMES" NOT NULL ENABLE);
--------------------------------------------------------
--  Constraints for Table SET_UPPERBOUND
--------------------------------------------------------

  ALTER TABLE "SET_UPPERBOUND" ADD CONSTRAINT "SET_UPPERBOUND_PK" PRIMARY KEY ("USER_ID", "YEAR", "TYPE")
  USING INDEX PCTFREE 10 INITRANS 2 MAXTRANS 255 COMPUTE STATISTICS 
  STORAGE(INITIAL 65536 NEXT 1048576 MINEXTENTS 1 MAXEXTENTS 2147483645
  PCTINCREASE 0 FREELISTS 1 FREELIST GROUPS 1 BUFFER_POOL DEFAULT FLASH_CACHE DEFAULT CELL_FLASH_CACHE DEFAULT)
  TABLESPACE "USERS"  ENABLE;
 
  ALTER TABLE "SET_UPPERBOUND" MODIFY ("TYPE" NOT NULL ENABLE);
 
  ALTER TABLE "SET_UPPERBOUND" MODIFY ("YEAR" NOT NULL ENABLE);
 
  ALTER TABLE "SET_UPPERBOUND" MODIFY ("USER_ID" NOT NULL ENABLE);
 
  ALTER TABLE "SET_UPPERBOUND" MODIFY ("UPPERBOUND" NOT NULL ENABLE);
--------------------------------------------------------
--  Constraints for Table TASKLIST
--------------------------------------------------------

  ALTER TABLE "TASKLIST" MODIFY ("STATUS" NOT NULL ENABLE);
 
  ALTER TABLE "TASKLIST" MODIFY ("END_DATE" NOT NULL ENABLE);
 
  ALTER TABLE "TASKLIST" MODIFY ("START_DATE" NOT NULL ENABLE);
 
  ALTER TABLE "TASKLIST" MODIFY ("TASK_NAME" NOT NULL ENABLE);
 
  ALTER TABLE "TASKLIST" MODIFY ("USER_ID" NOT NULL ENABLE);
 
  ALTER TABLE "TASKLIST" MODIFY ("TASK_ID" NOT NULL ENABLE);
 
  ALTER TABLE "TASKLIST" MODIFY ("TOTAL" NOT NULL ENABLE);
 
  ALTER TABLE "TASKLIST" ADD CONSTRAINT "TASK_LIST_PK" PRIMARY KEY ("TASK_ID")
  USING INDEX PCTFREE 10 INITRANS 2 MAXTRANS 255 COMPUTE STATISTICS 
  STORAGE(INITIAL 65536 NEXT 1048576 MINEXTENTS 1 MAXEXTENTS 2147483645
  PCTINCREASE 0 FREELISTS 1 FREELIST GROUPS 1 BUFFER_POOL DEFAULT FLASH_CACHE DEFAULT CELL_FLASH_CACHE DEFAULT)
  TABLESPACE "SYSTEM"  ENABLE;
--------------------------------------------------------
--  Constraints for Table USERS
--------------------------------------------------------

  ALTER TABLE "USERS" MODIFY ("NAME" NOT NULL ENABLE);
 
  ALTER TABLE "USERS" MODIFY ("JOB" NOT NULL ENABLE);
 
  ALTER TABLE "USERS" MODIFY ("ACCOUNT" NOT NULL ENABLE);
 
  ALTER TABLE "USERS" MODIFY ("PASSWORD" NOT NULL ENABLE);
 
  ALTER TABLE "USERS" MODIFY ("EMAIL" NOT NULL ENABLE);
 
  ALTER TABLE "USERS" MODIFY ("ID" NOT NULL ENABLE);
 
  ALTER TABLE "USERS" MODIFY ("SEX" NOT NULL ENABLE);
 
  ALTER TABLE "USERS" ADD CONSTRAINT "USERS_PK" PRIMARY KEY ("ID")
  USING INDEX PCTFREE 10 INITRANS 2 MAXTRANS 255 COMPUTE STATISTICS 
  STORAGE(INITIAL 65536 NEXT 1048576 MINEXTENTS 1 MAXEXTENTS 2147483645
  PCTINCREASE 0 FREELISTS 1 FREELIST GROUPS 1 BUFFER_POOL DEFAULT FLASH_CACHE DEFAULT CELL_FLASH_CACHE DEFAULT)
  TABLESPACE "USERS"  ENABLE;
 
  ALTER TABLE "USERS" ADD CONSTRAINT "USERS_UK1" UNIQUE ("ACCOUNT")
  USING INDEX PCTFREE 10 INITRANS 2 MAXTRANS 255 COMPUTE STATISTICS 
  STORAGE(INITIAL 65536 NEXT 1048576 MINEXTENTS 1 MAXEXTENTS 2147483645
  PCTINCREASE 0 FREELISTS 1 FREELIST GROUPS 1 BUFFER_POOL DEFAULT FLASH_CACHE DEFAULT CELL_FLASH_CACHE DEFAULT)
  TABLESPACE "USERS"  ENABLE;
 
  ALTER TABLE "USERS" ADD CONSTRAINT "USERS_UK2" UNIQUE ("EMAIL")
  USING INDEX PCTFREE 10 INITRANS 2 MAXTRANS 255 COMPUTE STATISTICS 
  STORAGE(INITIAL 65536 NEXT 1048576 MINEXTENTS 1 MAXEXTENTS 2147483645
  PCTINCREASE 0 FREELISTS 1 FREELIST GROUPS 1 BUFFER_POOL DEFAULT FLASH_CACHE DEFAULT CELL_FLASH_CACHE DEFAULT)
  TABLESPACE "USERS"  ENABLE;
--------------------------------------------------------
--  Constraints for Table WEEK
--------------------------------------------------------

  ALTER TABLE "WEEK" MODIFY ("WEEK_NAME" NOT NULL ENABLE);
 
  ALTER TABLE "WEEK" MODIFY ("START_DATE" NOT NULL ENABLE);
 
  ALTER TABLE "WEEK" MODIFY ("END_DATE" NOT NULL ENABLE);
 
  ALTER TABLE "WEEK" ADD CONSTRAINT "WEEK_PK" PRIMARY KEY ("WEEK_NAME")
  USING INDEX PCTFREE 10 INITRANS 2 MAXTRANS 255 COMPUTE STATISTICS 
  STORAGE(INITIAL 65536 NEXT 1048576 MINEXTENTS 1 MAXEXTENTS 2147483645
  PCTINCREASE 0 FREELISTS 1 FREELIST GROUPS 1 BUFFER_POOL DEFAULT FLASH_CACHE DEFAULT CELL_FLASH_CACHE DEFAULT)
  TABLESPACE "USERS"  ENABLE;
 
  ALTER TABLE "WEEK" ADD CONSTRAINT "WEEK_UK1" UNIQUE ("START_DATE")
  USING INDEX PCTFREE 10 INITRANS 2 MAXTRANS 255 COMPUTE STATISTICS 
  STORAGE(INITIAL 65536 NEXT 1048576 MINEXTENTS 1 MAXEXTENTS 2147483645
  PCTINCREASE 0 FREELISTS 1 FREELIST GROUPS 1 BUFFER_POOL DEFAULT FLASH_CACHE DEFAULT CELL_FLASH_CACHE DEFAULT)
  TABLESPACE "USERS"  ENABLE;
 
  ALTER TABLE "WEEK" ADD CONSTRAINT "WEEK_UK2" UNIQUE ("END_DATE")
  USING INDEX PCTFREE 10 INITRANS 2 MAXTRANS 255 COMPUTE STATISTICS 
  STORAGE(INITIAL 65536 NEXT 1048576 MINEXTENTS 1 MAXEXTENTS 2147483645
  PCTINCREASE 0 FREELISTS 1 FREELIST GROUPS 1 BUFFER_POOL DEFAULT FLASH_CACHE DEFAULT CELL_FLASH_CACHE DEFAULT)
  TABLESPACE "USERS"  ENABLE;
--------------------------------------------------------
--  Ref Constraints for Table DETAIL
--------------------------------------------------------

  ALTER TABLE "DETAIL" ADD CONSTRAINT "DETAIL_FK1" FOREIGN KEY ("TASK_ID")
	  REFERENCES "TASKLIST" ("TASK_ID") ENABLE;
--------------------------------------------------------
--  Ref Constraints for Table LEAVELIST
--------------------------------------------------------

  ALTER TABLE "LEAVELIST" ADD CONSTRAINT "LEAVELIST_FK1" FOREIGN KEY ("USER_ID")
	  REFERENCES "USERS" ("ID") ENABLE;
 
  ALTER TABLE "LEAVELIST" ADD CONSTRAINT "LEAVELIST_FK2" FOREIGN KEY ("TYPE")
	  REFERENCES "LEAVE_TYPE" ("TYPE") ENABLE;
--------------------------------------------------------
--  Ref Constraints for Table SET_UPPERBOUND
--------------------------------------------------------

  ALTER TABLE "SET_UPPERBOUND" ADD CONSTRAINT "SET_UPPERBOUND_FK1" FOREIGN KEY ("USER_ID")
	  REFERENCES "USERS" ("ID") ENABLE;
 
  ALTER TABLE "SET_UPPERBOUND" ADD CONSTRAINT "SET_UPPERBOUND_FK2" FOREIGN KEY ("TYPE")
	  REFERENCES "LEAVE_TYPE" ("TYPE") ENABLE;
--------------------------------------------------------
--  Ref Constraints for Table TASKLIST
--------------------------------------------------------

  ALTER TABLE "TASKLIST" ADD CONSTRAINT "TASKLIST_FK1" FOREIGN KEY ("USER_ID")
	  REFERENCES "USERS" ("ID") ENABLE;
 
  ALTER TABLE "TASKLIST" ADD CONSTRAINT "TASK_LIST_FK3" FOREIGN KEY ("TASK_NAME")
	  REFERENCES "WEEK" ("WEEK_NAME") ENABLE;
 
  ALTER TABLE "TASKLIST" ADD CONSTRAINT "TASK_LIST_FK4" FOREIGN KEY ("END_DATE")
	  REFERENCES "WEEK" ("END_DATE") ENABLE;